författare,titel,ortförlag,utgivningsår,omfång,medförfattare,medarbetare,utgivare,serie,isbn,anmärkning,klassificering,placeringarab
,Folkets Hus / organ för Folkets Husföreningarnas Riksorganisation,Stockholm FHR,1969-,,,,Folkets husföreningarnas riksorganisation,,,Tidskrift. Fortsätter: Våra folkets hus,Ohma-c,C07/15
,Våra Folkets Hus / organ för Folkets Husföreningarnas Riksorganisation,Stockholm : Riksorg.,1960-1969,,,,Folkets husföreningarnas riksorganisation,,,Tidskrift. Fortsättes av Folkets hus,Ohma-c,C07/13
"Palme, Olof","“Folkets Hus och folkrörelserna tillhör framtiden” : Olof Palme och våra Folkets hus : utdrag ur tal av Olof Palme om våra Folkets Hus och folkrörelsehusen samt människornas idéer och drömmar om att förändra samhället / korta kommentarer, sammanställning och redigering av Erik Södersten.",Stockholm : Folkets Husföreningarnas Riksorganisation,1988,63 s. : ill.,,"Södersten, Erik Folkets Husföreningarnas Riksorganisation",,,91-7970-251-1,,Ohma-c,"Br67/3909, Br 67/3910"
"Bergkvist, Sven O.",Vägar till Folkets Hus,Stockholm : Folkets Husföreningarnas Riksorganisation,1982,224 s. : ill.,,,Folkets husföreningarnas riksorganisation,,91-7260-694-0,,Ohma-c,67/10551
"Elmgren, Arne","Vi har byggt oss eget hus. Händelser och hågkomster, utgivna med anledning av Folkets Husföreningarnas Riksorganisations 25-årsjubileum år 1957.",Norrköping,1957,127 s. : ill.,"Karlsson, Gustav & Kilbom, Karl",,,,,,Ohma-c,28933 27552
"Lindahl, Ivar",Kring ett Folkets Hus. Sång- och talspel,Stockholm,1948,,,,,,,,Ohma-c,Br 21528
"Yve, Herbert",Folkrörelsernas bostäder. Några jämförelser mellan svensk och finsk Folkets husrörelse.,Stockholm,1942,4 s. : ill.,,,,,,Särtryck ur SAP Information,Ohma-c,Br 17 661
"Almqvist, Torbjörn",Vad folket byggde : ett utkast till folkrörelsernas byggnadshistoria,Stockholm : Sveriges Arkitekturmuseum : Nordiska Museet,1976,109 s. : ill.,"Johansson, Hjördis & Simonsson, Lena",,Sveriges Arkitekturmuseum Nordiska museet,,91-7108-099-6,,Ohm-c Ohma-c,67/5874 67/9580
,Festskrift utgiven med anledning av Folkets Hus & Park i Avesta 25-åriga tillvaro 27/9 1902-1927.,Avesta,1927,23 s. : ill.,,,,,,,Ohma-cz Avesta Ohmb-cz Avesta,Br/27306
"Backlund, Harry",Föreningen Folkets Hus och Park i Avesta u.p.a. 40 år  27 september 1902-1942.,Falun,1942,45 s. : ill.,,,Föreningen Folkets Hus och Park i Avesta u.p.a.,,,,Ohma-cz Avesta Ohmb-cz Avesta,Br 25186 Br 67/5588
,Folkets Hus och Park i Billesholm : några anteckningar om dess tillkomst och utveckling med anledning av att tjugofem år förflutit sedan Billeholms fastighetsförening bildades.,Billesholm,1923,12 s. : ill.,,,,,,,Ohma-cz Billesholm Ohmb-cz Billesholm,Br 27487
,Bolidens Folkets Hus förening 1926-1936 samt styrelsens och revisorernas berättelse 1936.,Boliden,1936,12 s.,,,,,,,Ohma-cz Boliden,Br 25197
,Minnesskrift samt styrelsens och revisorernas berättelse år 1942 / Bolidens Folkets husförening.,Boliden,1942,12 s. : ill.,,,,,,,Ohma-cz Boliden,Br 27486
,Minnesskrift. 10/3 1901-1941. [Folkets Hus i Domnarvet-Borlänge],Falun,1941,37 s. : ill.,,,Föreningen Folkets Hus i Domnarvet-Borlänge,,,,Ohma-cz Borlänge-Domnarvet,Br 25203
"Johansson, Arndt",Folketshusrörelsen i Borlänge. Minnesskrift utarbetad till föreningen Folkets Hus i Borlänge 50-årsjubileum.,Falun,1951,126 s. : ill.,,,,,,,Ohma-cz Borlänge,28927 27554
"Jönsson, Lorentz",Folkets Hus i Borås dess tillkomst och historia 1897-1939.,Borås,1939,23 s.,,,,,,,Ohma-cz Borås,Br 25207
"Persson, Henrik",Minnesskrift : Folkets Hus i Borås 50 år 1899-1949 / red. av Henrik Persson.,Borås,1949,47 s. : ill.,,,,,,,Ohma-cz Borås,Br 27489
"Karlsson, Maine",Brunnsviks byggnadsförening : Sörviks Folkets Hus från begynnelse till nutid med inriktning på aktiviteterna / Maine Karlsson.,"Uppsala : Uppsala univ., Kulturgeografiska institutionen",1982,50 s.,,,,,,"Uppsats i kulturgeografi med inriktning på planering, A 3",Ohma-cz Brunnsvik,Br 67/3503
"Lindgren, Siv",Degerfors Folkets Hus 50 år.,Örebro,1956,27 s.,,,,,,,Ohma-cz Degerfors,Br/25148
"Lundqvist, Gustaf","Minnesskrift : föreningen Folkets Hus u.p.a., Deje 1910-1930",Deje,1930,30 s. : ill.,,,,,,,Ohma-cz Deje,Br/27299
"Edenmark, Eric",Minnesskrift. Folkets Hus i Eskilstuna.,Eskilstuna,1936,44 s. : ill.,,,,,,,Ohma-cz Eskilstuna,Br/25154
,Föreningen Folkets Hus och Park i Fagersta : 20 år 8/6 1906-1926.,Fagersta,1926,19 s. : ill.,,,,,,,Ohma-cz Fagersta Ohmb-cz Fagersta,Br/27269
"Carlson, Arvid",Festskrift vid föreningen Folkets Hus i Finspång u.p.a. 40-årsjubileum / upptecknad av Arvid Carlson.,Finspång,1946,29 s. : ill.,,,,,,,Ohma-cz Finspång,Br/27300
,Flens Folkets Hus : jubileumsskrift 1906-1931.,Flen,1931,16 s. : ill.,,,,,,,Ohma-cz Flen,Br Q/064
,Minnesskrift omfattande verksamheten 1907-1938 : Frövi Folkets husförening och Folkets Park.,Örebro,1938,25 s. : ill.,,,,,,,Ohma-cz Frövi Ohmb-cz Frövi,Br/27285
"Liedgren, Rut",Folkets Hus Gersheden / Rut Liedgren.,Stockholm : Skansen,1964,114 s. : ill.,,,,Skrifter från Skansen; 1,,,Ohma-cz Gersheden,7932 27561
,Folkets Hus Göteborg.,Göteborg,1951,35 s. : ill.,,,,,,,Ohma-cz Göteborg,Br/27303
"Nilsson, Nils",Tillägnat minnet av 25 års arbete i samhällets tjänst 1918-1943 : Hagfors Folkets husförening 25 år.,Hagfors,1943,32 s. : ill.,,,,,,,Ohma-cz Hagfors,"Br/27241, Br 67/5598"
,Bakom kulisserna - en folkrörelse? : koncentrat av protokoll från Hedemora Folkets Hus och Folkets Park 1908-1980.,Hedemora : ABF,1981,223 s.,,,Hedemora : ABF,,,Gräv där du står,Ohma-cz Hedemora Ohmb-cz Hedemora,Q 191
,Minnesskrift 1904-1924 : Folkets husföreningen i Hudiksvall tjugo år.,Hudiksvall,1924,12 s. : ill.,,,,,,,Ohma-cz Hudiksvall,Br/27272
"Jonsson, Stig",Jubileumsskrift : Föreningen Folkets Hus Huskvarna 50 år / av Stig Jonsson.,Huskvarna,1953,59 s. : ill.,,,,,,,Ohma-cz Huskvarna,Br/27296
"Ericsson, Eric","Minnesskrift : Hällefors Folkets husförening u.p.a. verksamhet 1912-1950 och Folkets Hus, Hällefors 1925-1950",Hällefors,1950,45 s. : ill.,,,,,,,Ohma-cz Hällefors,Br/27302
,"Jubileumsbladet utgivet med anledning av Folkets Hus 25-åriga och Fackliga centralorganisationens 5-åriga tillvaro 1906-1931, 1926-1931.",Hälsingborg,1931,36 s. : ill.,,,,,,,Ohma-cz Hälsingborg,Br Q/063
"Selge, Allan",Folkets Hus i Hälsingborg under 40 år. En historia om arbetarrörelsens kamp för eget hem.,Hälsingborg,1946,92 s.,,,,,,,Ohma-cz Hälsingborg,31067
,"Förr och nu : Folkets Hus Hälsingborg, 1906-1956.",Hälsingborg,1956,39 s. : ill.,,,,,,,Ohma-cz Hälsingborg,BrQ/128
"Martland, Ewert",Minnesskrift : föreningen Folkets Hus och Park Katrineholm 1903-1953.,Katrineholm,1953,59 s. : ill.,,,,,,,Ohma-cz Katrineholm Ohmb-cz Katrineholm,Br/27271
,Folkets Hus Klippan 1907-1957.,Klippan,1957,27 s. : ill.,,,,,,,Ohma-cz Klippan,Br/27485
"Elowsson, Nils",Folkets Hus i Kristianstad 75 år. Jubileumsskrift år 1964 om landets första Folkets Hus.,Kristianstad : Folkets Hus,1964,47 s. : ill.,,Folkets Hus (Kristianstad),,,,,Ohma-cz Kristianstad,67/1612
,Krylbo Folkets husförenings paviljong 15 år.,Krylbo,1936,12 s.,,,,,,,Ohma-cz Krylbo,Br/27497
,Föreningen Folkets Hus Kvarnsveden 1906-1956 : denna skrift är utgiven i anledning av föreningens 50-åriga tillvaro.,Kvarnsveden,1956,16 s. : ill.,,,,,,Omslagstitel: Minnesskrift över en femtioårig gärning i Folketshusrörelsens tjänst.,Ohma-cz Kvarnsveden,Br/27498
"Sundin, Albert",Historik över Folkets Hus och Folkets Park i Lindesberg 1908-1948,Lindesberg,1948,43 s. : ill.,,,,,,,Ohma-cz Lindesberg Ohmb-cz Lindesberg,Br/27270
"Skoglund, Nils G.",Minnesskrift. Blad ur Linköpings Folkets Hus föreningsverksamhet åren 1900-1926 och 1927-1953. Sammanställda till invigningen av Linköpings Folkets Hus den 12 september 1953.,Linköping,1953,48 s.,,,,,,,Ohma-cz Linköping,Br/25314
"Gyllin, Yngve",Lomma Folkets Hus 50 år 1898-1948 : historik / av Yngve Gyllin.,Lomma,1948,56 s. : ill.,,,,,,,Ohma-cz Lomma,38721
"Ericsson, Sven E. [red]",Festskrift utgiven till invigningen av Ludvika Folkets Hus den 19 oktober 1958 / red. av Sven E. Ericsson.,Falun,1958,35 s. : ill.,,"Ericsson, Sven E. Folkets hus Ludvika",,,,,Ohma-cz Ludvika,Br/27290
"Helin, K. Anton",Om sextio äro villiga. Malmbergets Folkets Hus 1896-1946.,Boden,1946,98 s. : ill.,,,,,,,Ohma-cz Malmberget,31106
"Helin, K. Anton",Om sextio äro villiga : Malmbergets Folkets Hus 1896-1948 / av K. Anton Helin.,Boden,1978,98 s. : ill.,,,,,,Faks. av 1 utg.,Ohma-cz Malmberget,67/8299 67/9581
,Sveriges första Folkets Hus : minnesskrift till firandet av Folkets Hus i Malmö invigning den 1 april 1893 / utg. till 25:e årsdagen av styrelsen för byggnadsaktiebolaget Folkets Hus i Malmö.,Malmö,1918,15 s. : ill.,,Folkets hus (Malmö),,,,,Ohma-cz Malmö,"Br/2806, Br/27237, Br 67/5495"
"Andersson, Kjell","Folkets Hus vid Motala Verkstad. Examensarbete vid sektionen för Arkitektur, Tekniska Högskolan i Stockholm.",Stockholm,1973,34 s.,,"Langseth, Christer, Michelson, Bernard, Persson, Per",,,,"Examensarbete vid sektionen för Arkitektur, Tekniska Högskolan i Stockholm.",Ohma-cz Motala,Br67/874
"Ehnberg, Stig",Njurunda Folkets husförening 1911-1972 : historik / sammanställd av Stig Ehnberg.,Sundsvall,1974,47 s. : ill.,,Njurunda Folkets husförening,,,,,Ohma-cz Njurunda,Br67/1077
"Sjögren, Per",Vägen till Folkets Hus i norra Botkyrka / av Per Sjögren.,Botkyrka,1984,47 s. : ill.,,,Norra Botkyrka folketshusförening : Folkets husföreningarnas riksorganisation,,,duplic.,Ohma-cz Norra Botkyrka,Br67/3275
"Lindgren, Sigurd",Norrahammars Folkets husförening 22/11 1908-1958. Red.: Sigurd Lindgren.,Jönköping,1958,61 s. : ill.,,Folkets Hus (Norrahammar),,,,,Ohma-cz Norrahammar,Br/25288
"Janzon, Gösta",Byggnadsföreningen Folkets Hus i Norrköping UPA. Historik över de gångna 50 årens verksamhet.,Norrköping,1947,39 s. : ill.,,,,,,,Ohma-cz Norrköping,Br/25340
"Hertz, Nils A.",Byggnadsföreningen Folkets Hus i Norrköping u.p.a. 75 år. Minnesskrift.,Norrköping,1972,35 s.,,Byggnadsföreningen Folkets Hus (Norrköping),,,,,Ohma-cz Norrköping,Br67/849
,Föreningen Folkets Hus Nyköping 1899-1929.,Nyköping,1929,23 s. : ill.,,,,,,,Ohma-cz Nyköping,Br/27274 Br/27275
,"Byggnadsföreningen Folkets Hus. Nyköping, 1899-1949.",Eskilstuna,1949,25 s.,,,,,,,Ohma-cz Nyköping,Br/25348
,Jubileumsskrift 1906-1931. Föreningen Folkets Hus och Folkets Park i Ronneby.,Karlskrona,1931,31 s.,,,,,,,Ohma-cz Ronneby Ohmb-cz Ronneby,Br/26855
,Folkets Park 50 år 1906-1956. Jubileumsskrift Ronneby Folkets Hus & Park.,Karlskrona,1956,29 s.,,,,,,,Ohma-cz Ronneby Ohmb-cz Ronneby,Br/26857
,Föreningen Folkets Hus Rättvik u.p.a. 30 år : Folkparken 15 år.,Rättvik,1948,15 s. : ill.,,,,,,,Ohma-cz Rättvik Ohmb-cz Rättvik,Br/27305
"Andersson, Carl-Ola",Minnesskrift vid Skellefteå Folkets Hus invigning den 16 mars 1940.,Umeå,1940,19 s. : ill.,,,,,,,Ohma-cz Skellefteå,"Br/26849, Br 67/5337"
,Historik : Skelleftå Folkets Hus 1926-1976 : Skellefteå Folkets Park 1936-1976.,Skellefteå,1976,7 s. : ill.,Skellefteå Folkets hus,,,,,,Ohma-cz Skellefteå Ohmb-cz Skellefteå,Br67/1191
,"Sköldingeliv : Folkets Hus : Malmgården, ett café : Sköldingebor berättar om sitt 1900-tal / projektgruppen Åsa folkhögskola ; Christer Andersson.","Flen : Skolan, cop.",1984,59 s. : ill.,,"Andersson, Christer Åsa Folkhögskola",,,,,Ohma-cz Sköldinge,Br67/3405
"Lind, Roland  /  Normelius, Gustav","Folkets Hus i Sollentuna u p a : 75 år av förr, nyss och nu.",Sollentuna,1988,28 s. : ill.,,,,,,Omslagstitel: Folkets hus i Sollentuna 75 år : 1912-1988 : en kort resumé,Ohma-cz Sollentuna,Br67/3929
,Jubileumsskrift utgiven med anledning av fyrtioårsjubiléet. Folkets Hus i Sparreholm 1904-1944.,Eskilstuna,1944,21 s.,,,,,,,Ohma-cz Sparreholm,Br/26844
,Jubileumsskrift utgiven med anledning av femtioårsjubiléet. Sparreholms Folkets Hus 1904-1954.,Eskilstuna,1954,23 s.,,,,,,,Ohma-cz Sparreholm,Br/26845
"Gerholm, Inger",Folkets Hus i Spånga 1912-1965.,Uppsala,1973,39 s.,"Persson, Hans",,,,,40-poängsuppsats,Ohma-cz Spånga,Br67/883
"Tengdahl, Knut  A.",Folkets Hus i Stockholm. Historik och beskrifning utg. av styrelsen.,Stockholm,1902,97 s.,,,,,,,Ohma-cz Stockholm,28805 27551
"Hansson, Sigfrid",Minnesskrift. Folkets Hus i Stockholm 1901-1926. Utarbetad på uppdrag av Föreningen Folkets Hus styrelse.,Stockholm,1926,131 s. : ill.,,,,,,,Ohma-cz Stockholm,27559 38046
"Kilbom, Karl",Stockholms Folkets Hus. Sagan som blev verklighet. Skrift utarb. på styrelsens uppdrag.,Stockholm,1960,79 s. : ill.,"Johansson, Fritz O.",,,,,,Ohma-cz Stockholm,28804 27556
"Hellmark, Tore",Fragment från 25 år med Folkets Hus i Stockholm : åren 1960-1985.,Stockholm : Folkets Hus i Stockholm,1985,131 s. : ill.,,,Föreningen Folkets hus,,,,Ohma-cz Stockholm,67/10678
"Ellenius, Allan",Konstsamlingarna och arbetarrörelsen.,Stockholm : Folkets Hus i Stockholm,1967,32 s. : ill.,,Folkets Hus (Stockholm),,,,,Ohma-cz Stockholm,Br67/3714
"Olsson, Reinhold",En återblick : Folkets Hus och Park i Sundsvall,Sundsvall : Föreningen Folkets Hus och Park i Sundsvall,1972,42 s. : ill.,,,Folkets Hus och Park i Sundsvall,,,,Ohma-cz Sundsvall Ohmb-cz Sundsvall,Br67/1139
,Guldsmedshyttans Folkets Hus 1907-1982.,,1982,16 s. : ill.,,,,,,,Ohma-cz Guldsmedshyttan,Br67/3066
"Edbom, Ture",Samhällsutveckling : en fresk i Gävle Folkets Hus : målad av Torsten Billman : och dess bakgrund / Ture Edbom.,,197?,161 s. : ill.,,,,,,C1-uppsats i konstvetenskap. s. 31-70 : Utställningen “God konst i hem och samlingslokaler”,Ohma-cz Gävle,Br67/2521
"Vedin, Gösta",Blad ur Folkets husrörelsens historia i Gävle.,Gävle,1947,83 s. : ill.,,,,,,,Ohma-cz Gävle,28958
,Föreningen Folkets Hus Söderbärke 90 år 1897-1987.,Söderbärke,1987,11 s. : ill.,,,,,,,Ohma-cz Söderbärke,Br67/3577
,Minnesskrift 1897-1927 : Folkets Hus och Folkets Park. [Trelleborg],Trelleborg,1927,16 s. : ill.,,,,,,,Ohma-cz Trelleborg Ohmb-cz Trelleborg,BrQ/059
,Minnesskrift 29/8 1997-1937 : Folkets Hus och Folkets Park. [Trelleborg],Trelleborg,1937,17 s. : ill.,,,,,,,Ohma-cz Trelleborg Ohmb-cz Trelleborg,BrQ/060
"Nordgren, Seth","Folkets Hus och Park Trelleborg, 50 år 1897-1947.",Trelleborg,1947,51 s. : ill.,,,,,,,Ohma-cz Trelleborg Ohmb-cz Trelleborg,Br/25016
,Jubileumsskrift 1922-1947 under mottot: “Egen härd är guld värd.” Utgiven i samband med byggnadsföreningen Folkets Hus u p a i Trollhättan 25-årsjubileum 1947.,Trollhättan,1947,24 s. : ill.,,,,,,,Ohma-cz Trollhättan,Br/25018
,Byggnadsföreningen Heijmdal Tumba 1908-1933.,Tumba,1934,9 s.,,,,,,,Ohma-cz Tumba,Br/25019
,Minnesskrift med anledning av Västanfors Folkets husförenings 10-års-jubileum.,Eskilstuna : Folket,1916,13 s. : ill.,,,,,,,Ohma-cz Västanfors,Br/27267
"Hedberg, Aug.",Föreningen Folkets Hus och Park i Västerås u.p.a. 25 år 14/5 1899-1924 / Aug. Hedberg.,Västerås,1924,31 s. : ill.,,,,,,,Ohma-cz Västerås Ohmb-cz Västerås,Br/27242
"Löfstrand, Stig",Nytt Folkets Hus i Västerås sextionde verksamhetsåret / Stig Löfstrand.,Västerås : [Folkets Hus och Park],1959,47 s. : ill.,,Folkets Hus (Västerås),,,,,Ohma-cz Västerås,Br/27492
"Lidström, Axel",Från Gamla gatan till Medborgarhuset. Historik över Folkets hus-rörelsen i Örebro. Utarb. på uppdrag av folketshusföreningens styrelse.,Örebro,1964,65 s. : ill.,,,,,,,Ohma-cz Örebro,38220
,Örebro Folkets husförening. ....kortfattad 10-årsöversikt.,Örebro,1939,15 s.,,,,,,,Ohma-cz Örebro,Br/25357
"Alm, Birger",Folkparkerna 50 år. Svenska sommarhagar blev kulturella nöjesplatser.,Stockholm : Folkets Parkers Centralorganisation,1955,"[14, 88] s. : ill.",,"Larsson, Gustaf fotograf",,,,,Ohmb-c,2753 379
"Engel, Ann Mari","Teater i Folkets park 1905-1980 : arbetarrörelsen, folkparkerna och den folkliga teatern : en kulturpolitisk studie / Ann Mari Engel.",Stockholm : Akademilitt.,1982,222 s. : ill.,,,,,91-7410-240-0,Diss. Stockholm : Univ. - With an English summary,Ohmb-c,"Ref 2:3 67/10772-3, 67/12819-20"
"Engel, Ann Mari","Teater i Folkets Park 1905-1980 : arbetarrörelsen, folkparkerna och den folkliga teatern : en kulturpolitisk studie : Repertoarbilaga : Teaterturnéer och repertoarer i folkparkerna 1905-1980.",Stockholm : Akademilitt.,1982,92 s.,,,,,91-7410-247-8,,Ohmb-c,"REF 2:3 67/10772-3, 67/12820"
"Berner, Rudolf",Arbetarrörelsens kulturgärning / Rudolf Berner.,Stockholm : Beklädnadsfolket,1949,19 s.,,,,,,Särtr. ur: Beklädnadsfolket,Ohmb-c,Br/5141
,Folkets Parkers Centralorganisation : en kortfattad redogörelse över folkparkernas utveckling 1905-1930.,Eskilstuna : Hanssons tr. AB,1930,99 s. : ill.,,,,,,,Ohmb-c,Q/1608 Q1212
,Folkparken // : organ för Sverges folkparker / utg. av Parkernas centralorganisation.,Eskilstuna,1915-1940,,,,,,,Fortsättes av Scen och salong,Ohmb-c,C23/17
,Scen och salong // : tidskrift för teater och film : organ för folkparkerna.,Stockholm : FPC,"1941-1965, 1981-",,,,,,ISSN 0036-5718,1941-1947 med undertitel: Tidning för samlingslokaler och kulturellt nöjesliv. - Fortsätter Folkparkerna,Ohmb-c,C21/05
"Englund, Eric",Avesta Folkets Park 1902-1952. De röjde park och byggde hus. En krönika till Avesta Folkets Parks 50-årsjubileum på parkstyrelsens uppdrag.,Falun,1952,83 s.,,,,,,,Ohmb-cz Avesta,28931
"[Lodén, Albin]",Bergeforsens Folkets Park. Jubileum 11/7 1926-1936.,Sundsvall,1936,15 s.,,,,,,,Ohmb-cz Bergeforsen,Br/25187
,Bergeforsens Folkets Park 1926-1976 : 50 år.,Bergeforsen,1976,27 s. : ill.,,,,,,s. 2-19 faks. av : Bergeforsens folkets park : jubileum 1926 11/7 1936,Ohmb-cz Bergeforsen,Br67/1192
"Pettersson, Hubert",Borås Folkpark 50 år. En jubileumskavalkad i ord och bild. [1907-1957],Borås,1958,115 s.,,,,,,,Ohmb-cz Borås,28925 27558
,Minnesskrift 1912-1937 : Degerfors Folkets Park.,Degerfors,1937,19 s. : ill.,,,,,,,Ohmb-cz Degerfors,Br/27298
,Jubileumsskrift : Eksjö Folkets Park 25 år 1920-1945.,Eksjö,1945,40 s. : ill.,,,,,,,Ohmb-cz Eksjö,Br/27282
"Andersson, Eric",På båda sidor om ridån : Eric Andersson berättar / utg. : Eskilstuna kulturförvaltning.,Eskilstuna : Kulturförvaltningen,1974,150 s. : ill.,,Folkets Park (Eskilstuna) Eskilstuna Kulturförvaltningen,,,,,Ohmb-cz Eskilstuna,67/8862
,Festskrift för minnesanteckningar m.m. i anledning av Eskilstuna Folkets Parks 25-årsjubileum den 10 juni 1923 : 1898-1923,Eskilstuna,1923,16 s. : ill.,,,,,,,Ohmb-cz Eskilstuna,BrQ/158
"Jonsson, Conny",.... en festplats kallad Folkets Park.... En bokfilm om Eskilstuna Folkets park 1898-1948.,Eskilstuna,1948,109 s. : ill.,,,,,,,Ohmb-cz Eskilstuna,Q/026 Q/299
,Folkets Park Falköping 1930-1940.,Falköping,1940,16 s.,,,,,,,Ohmb-cz Falköping,Br/25160
,Folkets Park Falköping 1930-1955. Jubileumsskrift.,Falköping,1955,24 s.,,,,,,,Ohmb-cz Falköping,Br/25161
"Johansson, Arndt",Folkets Park i Falun genom ett halvt sekel. Historik till 50 års-jubiléet 1952. Utg. av Föreningen Folkets Hus i Falun U.P.A.,Falun,1952,94 s.,,,,,,,Ohmb-cz Falun,27529
,Huskvarna Folkets Park : program och minnesord.,Huskvarna,1945,27 s. : ill.,,,,,,,Ohmb-cz Huskvarna,Br/27304
,Huskvarna Folkets Park : 50 år 1925-1975.,Huskvarna,1975,23 s. : ill.,,,,,,,Ohmb-cz Huskvarna,Br67/1032
"Selge, Allan",Folkets Park i Hälsingborg under 40 år 1895-1935 : en översikt / utarb. av Allan Selge.,Hälsingborg,1935,55 s. : ill.,,,,,,,Ohmb-cz Hälsingborg,Br/27297
"Selge, Allan",Från Fältarp till Folkparken : Hälsingborgs Folkets Park under ett halvt sekel : en kort krönika över tiden 1895-1945 / utarb. av Allan Selge.,Hälsingborg,1945,40 s. : ill.,,,,,,,Ohmb-cz Hälsingborg,Br/27301
,Höganäs Folkets Park 17 maj 1908-1938.,Höganäs,1938,15 s. : ill.,,,,,,,Ohmb-cz Höganäs,Br/27286
,Folkparken i Höganäs : en skrift om det gångna halvseklet och en blick framåt : 50 år 1908-1958.,Helsingborg : Demokraten,1958,20 s. : ill.,,,,,,,Ohmb-cz Höganäs,Br/27287
"Nilsson, Walfred",Folkets Park 16/9 1900-1925 : minnesblad utgiven med anledning av 25-årsjubileet / Walfred Nilsson : Föreningen Folkets Hus i Kalmar u p a.,Kalmar,1925,20 s. : ill.,,,,,,,Ohmb-cz Kalmar,BrQ/050 BrQ/132
"Ericson, Elof",Minnesskrift : Folkets Park Karlskoga 1918-1943.,Karlskoga,1943,44 s. : ill.,,,,,,,Ohmb-cz Karlskoga,Br/27273
"Andersson, Gösta",Kristinehamns Folkpark 1916-1941 : några anteckningar till parkens historia / av Gösta Andersson och Linus Brodin.,Kristinehamn,1941,27 s. : ill.,"Brodin, Linus",,,,,,Ohmb-cz Kristinehamn,Br/27284
"Sten, Albin",Minnesskrift : Folkets Park Lidköping 1910-1930 / Albin Sten.,Lidköping,1930,17 s. : ill.,,,,,,,Ohmb-cz Lidköping,Br/27307
,Sverges första Folkets Park. Några anteckningar om huru Folkets Park i Malmö tillkommit och utvecklats. Med anledning av att 25 år förflutit sedan parken förvärvades av Malmö socialdemokratiska förening.,Tryckeri AB Framtiden Malmö,1918,14 s. ill.,,,,,,,Ohmb-cz Malmö,Br/25259
"Lundgren, A.",Fyra decennier. Festskrift tillägnad Malmö Folkets Park under dess fyrtionde säsong. Utgiven av styrelsen för aktiebolaget Malmö Folkets Park. Red. av A. Lundgren.,Malmö,1930,35 s.,,,,,,,Ohmb-cz Malmö,"Q/025, Q/1194 Br 67/5498"
"Dahlberg, Ivar",Malmö Folkets Park [Artikel],,1945,,,,,,,"Artikel i Studiekamraten nr. 11-12, 1945",Ohmb-cz Malmö,
,Folkets Park i Motala 1903-1943.,Motala,1943,29 s. : ill.,,,,,,,Ohmb-cz Motala,BrQ/062
"Brodin, Linus",Föreningen Folkets Hus Kristinehamn 35 år / upptecknat av Linus Brodin.,Kristinehamn,1941,20 s. : ill.,,,,,,,Ohmb-cz Kristinehamn,Br/27283
,Festskrift utgiven i anledning av Norrköpings Folkets Parks tjugofemåriga verksamhet.,Norrköping,1926,15 s. : ill.,,,,,,,Ohmb-cz Norrköping,Br/27268
"Hertz, Nils A.",Festskrift med anledning av Folkets Parks i Norrköping 40-åriga verksamhet 1901-1941,Norrköping,1941,36 s. : ill.,,,,,,,Ohmb-cz Norrköping,Br/27289
,70 år för nöjes skull. 1901-1971. Norrköping Folkets Park.,Norrköping,1971,19 s.,,Folkets Park (Norrköping),,,,,Ohmb-cz Norrköping,Br67/785
,Folkets Park Nässjö 50 år.,Jönköping,1957,44 s. : ill.,,,,,,,Ohmb-cz Nässjö,Br/25352
"Johansson, Torsten",Oskarshamns Folkets Park 1907-1957 : / en folkpark jubilerar,Oskarshamn,1957,41 s. : ill.,,,,,,,Ohmb-cz Oskarshamn,Br/27431
"Björk, Carl",Sandvikens Folkets Park 50 år. 1903-1953.,Gävle,1953,59 s.,,,,,,,Ohmb-cz Sandviken,28781
,Skövde Folkparks 20-årsjubileum 1925-1945. Ridån går upp [omslagstitel],[Skövde],1945,24 s. : ill.,,,,,,Omslagstitel: Ridån går upp ...,Ohmb-cz Skövde,Br67/1195
,Surahammars Folkets Park 25 år. [1920-1945],Västerås,1945,20 s.,,,,,,,Ohmb-cz Surahammar,Br/25002
"Andersson, Birger",Jubileumsskrift 1917-1942 : Folkets Park Tidaholm.,Tidaholm,1942,24 s. : ill.,,,,,,,Ohmb-cz Tidaholm,BrQ/061
"Moulaison, Georges",Uddevalla Folkets Park. 1908-1968. Jubileumsskrift.,Uddevalla,1968,62 s.,,,,,,,Ohmb-cz Uddevalla,67/1623
"Thomasson, Sigurd",Ystads Folkets Park 1896-1946 / Surbrunn -  Glädjekälla [omslagstitel],Ystad,1946,45 s.,,,Ystads arbetarekommun,,,"Omslagstitel: Surbrunn, glädjekälla. Ystads Folkets park 1896-1946.",Ohmb-cz Ystad,Br67/258
"Knutsson, Rickard",Nöjesplatsen Åhusparken : verksamhet och artister i Åhus Folkets Hus och Park under 80 år / sammanställd av Rickard Knutsson.,Åhus : Folkets Hus och Park,1986,71 s. : ill.,,Åhus Folkets Hus och Park,,,,,Ohma-cz Åhus Ohmb-cz Åhus,Br67/3536
,Minnesskrift till föreningen Åtvidabergs Folkparks tjugofemårsjubileum 1906 16/7 1931.,Norrköping,1931,32 s.,,,,,,,Ohmb-cz Åtvidaberg,Br/26680
,Föreningen Åtvidabergs Folkpark : festskrift 1906-1946.,Åtvidaberg,1946,32 s. : ill.,,,,,,,Ohmb-cz Åtvidaberg,Br/27276
"Malmsten, Fritte",Berättelse över Folkets Parks i Örebro 25-åriga verksamhet 1902-1927.,Örebro,1927,31 s.,,,,,,,Ohmb-cz Örebro,Br/25395
,Från Rynninge till Adolfsberg : en festplats under 50 år : Folkparken Örebro 1902-1952.,Örebro,1953,62. : ill.,,,,,,,Ohmb-cz Örebro,Br/27277
,Parkbladet : minnesblad över invigningen af Östersunds Folkpark den 7 juni 1903 / utg. Agitations-komitén.,Östersund,1903,16 s.,,,Agitations-kommittén,,,,Ohmb-cz Östersund,Br/27266
"Aldén, John-Erik","Folkets Hus i Örebro 1928-1998 / författare: John-Erik Aldén, Axel Lidström och Bengt Viktorsson",Örebro : Folkets Hus,1999,24 s. : ill.,"Lidström, Axel Viktorsson, Bengt",,,,,,Ohma-cz Örebro,
"Svensson, Sven-Ove",Hus för fôlk : värmländsk folketshushistoria / Sven-Ove Svensson,Karlstad : Värmland/Dals folketshusregion,1999,15 s. : ill.,,,,,,,Ohma-cz Värmland,
"Olsson, Cissela","Hus för nöje och bildning : Folkets Hus, Folkets Park, ordenshus",Växjö : Länsstyrelsen i Kronobergs län,1999,70 s. : ill.,,,,,91-89285-01-8,,Ohm-cz Småland,
"Arnqvist, Maria","Svartöstadens Folkets Hus, 1902-1998 : en förstudie för en framtida verksamhet .../ Maria Arnqvist",Luleå : Luleå kommun,1998,33 s. : ill.,,,,,,,Ohma-cz Svartöstaden,Br 67/5327
"Karlsson, Göran","90 år : Norrahammars Folkets husförening, 1908-1998",Norrahammar : Fören.,1998,37 s. : ill.,,,,,,,Ohma-cz Norrahammar,Br 67/5283
"Andersson, Kerstin",Samlingslokaler - värda att vårda varsamt,Karlskrona : Boverket : Stockholm : Riksantikvarieämbetet,1997,24 s. : ill.,,,,,91-7147-342-4,,Ohm-c,Br67/5080
"Gustafsson, Bertil","Glesbygd blev samhälle : med järnväg samt bruk, folkpark och Folkets Hus : Strömsnäsbruks byggnadsförening upa 1907-1997 / Bertil Gustafsson",Strömsnäsbruk : Strömsnäsbruks byggnadsförening,1997,77 s. : ill.,,,,,,,Ohma-cz Strömsnäsbruk Ohmb-cz Strömsnäsbruk,67/17246
"Åkesson, Bert",3 Limhamns Folkets Hus och 1 Park / Bert Åkesson,Malmö : Folkets Hus i Limhamn,1997,57 s. : ill.,,Folkets Hus (Limhamn),,,,,Ohma-cz Limhamn Ohmb-cz Limhamn,
"Albinsson, Tage m fl",Folkets Hus i Olofström : från Vilboken till Storgatan / Tage Albinsson ...,Olofström : Vekerum : ABF,1995,95 s. : ill.,,"Albinsson, Tage Arbetarnas bildningsförbund (Olofström)",,,91-86722-54-9,FHP-enkät,Ohma-cz Olofström,
,Folkets Hus på Gotland : en dokumentation,Visby : ABF Gotland,1990,27 s. / ill.,,"Lahne, Erik Arbetarnas bildningsförbund (Gotland)",,,91-87826-04-6,,Ohma-cz Gotland,Br67/2139 Br67/2240
"Kjellgren, Lennart",Skojarna på Skolgatan : en rapsodi kring Folkets Hus teater 1893-1947 / Lennart Kjellgren,Malmö : Fören. för scen- och manegemuseum,1992,139 s. : ill.,,Föreningen för scen- och manegemuseum,,,91-630-1548-X,,Ohma-cz Malmö,
"Kassman, Charles",Idéernas mötesplats : Folkets husrörelsen 100 år / av Charles Kassman,Stockholm : Folkets Husföreningarnas Riksorganisation : Tiden,1992,"395 s. : ill., tab.",,Folkets husföreningarnas riksorganisation,,,91-550-3910-3,,Ohma-c,REF 2:3 67/15511 67/15512
"Köhler, Anders",Skelleftehamns Folkets Hus 60 år [Kallholmens Folkets Husförening],Skelleftehamn : Folkets Hus,1994,60 s. : ill.,,Folkets Hus (Skelleftehamn),,,,,Ohma-cz Skelleftehamn,
"Keidser, Harry","Folkets Hus, Lund 1903-1993",Lund : H. Keidser,1993,28 s.,,,,,,,Ohma-cz Lund,
"Elowsson, Nils",Ett 100-årigt Folkets Hus / av Nils Elowsson,Kristianstad : Folkets Hus,1992,8 s. : ill.,,,,,,,Ohma-cz Kristianstad,
"Silén, Birgitta",Så störtade folket Pinochet : om arbetarrörelsens biståndsprojekt Folkets Hus i Chile / text: Birgitta Silén,Stockholm : Arbetarrörelsens internationella centrum,1992,33 s. : ill.,,Arbetarrörelsens internationella centrum,,,,,Ohm,Br67/4891
"Johansson, Lars-Ola",Folkets Hus och funktionalismen : en jämförande studie mellan byggnadsprojektet nya Folkets Hus i Linköping och Hans Asplunds utvärdering av funktionalismen i boken “Farväl till Funktionalismen”,"Stockholm : Konstvetenskapliga inst., Stockholms univ.",1990,59 bl.,,,,,,,Ohma-cz Linköping,
"Persson, Stellan",Detta samhälle krävde detta hus- : en berättelse om Luleå folketshusförening u.p.a. och arbetarrörelsen åren 1898-1988 / av Stellan Persson,Luleå : Folkets Hus förl.,1989,112 s. : ill.,,,,,91-7970-767-X,,Ohma-cz Luleå,
,Rinkeby Folkets Hus : en mötesplats mitt i värden / tecknat och skrivet av en skolklass i Rinkeby i samarbete med Elly Berg ... ; foto: Elly Berg,Stockholm : Författares bokmaskin : Kultursamverkansprojektet i Rinkeby,1986,79 s. : ill.,,"Berg, Elly Kultursamverkansprojektet i Rinkeby",,,91-7328-526-9,,Ohma-cz Rinkeby,
"Wiklund, Heléne",Folkets Hus i Stora Vika : examensarbete i Formlära/Byggnadsakustik,Stockholm : KTH/A,1989,Ca 40 s. : ill.,,,,,,,Ohma-cz Stora Vika,
,Ett levande hus -med kultur,Stockholm : Folkets Husföreningarnas Riksorganisation,1989,38 s. : ill.,,Folkets Husföreningarnas Riksorganisation,,,,,Ohma-c,
,Norrahammars Folkets husförening 80 år : 1908-1988 : jubileumsskrift,Norrahammar : Fören.,1988,96 s. : ill.,,,,,,,Ohma-cz Norrahammar,Br67/4033
"Aalto, Alvar",Työväentalo,Jyväskylä : Alvar Aalto-museo,1984,32 s. : huvudsakl. ill.,,"Mattila, Satu",,Alvar Aallon arkkitehtuuria ; 3,951-95632-5-3,Parallelltitel: The Worker’s Club : 1923-1925 / Alvar Aalto ; toimitus / editor: Satu Mattila ; käännös / translation: Jonathan Moorhouse. Parallelltext på engelska och finska.,Ohm,
"Ramberg, Harry",Folkets Hus Hagfors : en rörelse - en epok,Hagfors : Textåbild,cop. 1984,48 s. : ill.,,,Föreningen Folkets Hus,,91-970628-0-4,,Ohma-cz Hagfors,
"Winter, Karin",Hus för folket : en inventering av Folkets Hus och Folkets Park i Malmöhus län / Karin Winter,Lund : Skånes hembygdsförb. : Malmö : Länsantikvarien,1981,60 s. : ill.,,,Malmöhus län. Länsantikvarien Skånes hembygdsförbund,,91-7260-588-X,,Ohma-cz Malmöhus län Ohmb-cz Malmöhus län,
"Wallbom, Karl-Erik",Köpings Folkets husförening u.p.a. 50 år : Köping Folkets Hus 10 år / enligt uppdrag: Karl-Erik Wallbom,Köping : Folkets Hus styr.,1980,15 s. : ill.,,,Köpings Folkets husförening,,,,Ohma-cz Köping,Br67/2294
"Eriksson, Gösta",“Hjälps vi åt ---” : Rydö Folkets Hus 75 år : en jubileumsskrift,Rydöbruk : Folkets Hus,1984,68 s. : ill.,"Nurmi, Kurt Hildingsson, Lennart",,Föreningen Folkets Hus,,,,Ohma-cz Rydö,Samling: Folkets husföreningar vol. 2
"Johansson, Jonas",Folkets Hus Kumla 1920-1980 : en historik över föreningen Folkets Hus i Kumla under 60 år / på föreningens uppdrag sammanst. av Jonas Johansson,Kumla : Fören.,1980,35 s. : ill.,,,Föreningen Folkets Hus,,,,Ohma-cz Kumla,
"Holmgren, Lars Olof",Folkets Hus Hallstavik : en historik 1920-1980,Hallstavik : Folkets husfören.,1980,60 s. : ill.,,,Föreningen Folkets Hus,,,,Ohma-cz Hallstavik,Br67/2854
,Föreningen Folkets Hus Motala 1905-1980 : 75 år,Motala : Fören.,1980,24 s. : ill.,,,,,,,Ohma-cz Motala,Br67/2867
,Föreningen Folkets Hus Huskvarna 80 år : 1903-1983,Huskvarna : Fören.,1983,30 s. : ill.,,,Huskvarnas Folkets husförening,,,,Ohm-cz,
"Hansen, Kjell",Föreningen Folkets Hus i Östersund 1906-1980 : en historik i text och bilder,Östersund : Fören.,1981,32 s. : ill.,,,,,,,,Samling: Folkets husföreningar vol. 3
,La Maison du Peuple de Bruxelles 1882 - 1907 Souvenir du XXVme anniversaire,de Bruxelles Société Coopèrative Ouvrière,1907,60 ill,,,,,,,,Br 67/5735
"Andersson, Stefan",Det organiserade folknöjet: en studie kring de svenska folkparkerna 1890-1930-talet,Lund: S. Andersson,1987,"206 s.:ill., tab.",,,,,91-7900-375-3,"Diss, Lunds universitet ; Sociologiska institutionen 1988","Ohm-c:k.5, Samlingslokaler Allmänna Sveriges Historia Modern Tid",
"Swensen, Grete","Moderne, men avleggs? : foreningers byggevirksomhet i formativt perspektiv 1870-1940",Oslo: Scandinavian University Press,1997,385 s. ill.,,,,Acta humaniora (Oslo); 27,82-00-12789-3,"Diss. Oslo universitet, 1996","Ic-db. 5, Arkitektur Norge Modeern Tid Bk-db, Sällskap Föreningar Allmänna Norge",
"Swensen, Grete",Forsamlingshuset: bygdas storstue,Oslo: Norsk etnologisk granskning,1992,16 s.,,,,,82-91161-06-2,,,
"Engel, Ann Mari",Folkets Parkers Centralorganisation 1905-1975,Stockholm : Folkparkernas Centralorganisation (FCO),[1975],31 s.,,Folkparkernas Centralorganisation,,,,,"Ohm-c, Samlingslokaler Allmänna Sverige",Br 67/2604
"Lindvall, Karin och Richette, Christian:",Folkrörelser och folkrörelsemiljöer i  Folkrörelser i Örebro län - människor och miljöer s. 203-223. ill.,Örebro.,1979,20 s. : ill.,,,,,0347-6766,Ingår i från Bergslag och bondebygd 1979. Årsbok för Örebro läns Hembygdsförbund och Stiftelsen Örebro läns museum.,,67/8738
"Björck, Henrik",Till frågan om folkhemmets rötter. En språklig historia.,Swedish Science Press,2000,32 s.,,,,"Lychnos. Årsbok för idé- och lärdomshistoria 2000, s. 139-170",,,,
"Nolin, Catharina",Till stadsbornas nytta och förlustande: den offentliga parken i Sverige under 1800-talet,"Stockholm, Byggförlaget",1999,Diss 393 s. ill,,,Stockholms universitet,,91-7988-155-6,,,
"Jansson, Sören",Förening och gemenskap: en etnologisk studie av föreningnslivet i en svensk småstad: Enköping 1880,Akademilitteratur,1981,158 s. : ill.,,,"Institutet för folklivsforskning, Stockholms universitet diss",,,doktorsavhandling i etnologi,,"67/ 9910, 67/ 9963"
"Blom, Holger",Den offentliga parken,Stockholm,1948,44 s. ill.,,,,Särtryck ur Trädgårdskonst,,,,
"Strömbäck, Folke",Tor - ett Folkets Hus på Alnö,"Sundsvalls museum, Sundsvall",1979,80 s. ill.,"Schnell, Jan-Bertil",,Sundsvalls museum,,91-85942-00-6,,,67/17673
,Bygghandledning för samlingslokaler,"Johanneshov: Bygdegårdarnas riksförbund,  Stockholm: Riksföreningen Våra Gårdar och Folkets Husföreningarnas Riksorganisaiton",1984,47 s. ill,,,"Samlingslokalorgansiationernas samarbetskommitté, Folkets Husföreningarnas Riksorganisation, Riksföreningn Våra Gårdar, Bygdegårdarnas Riksförbund",,,,"Ppb-c, Husbyggnad Sverige",
,Barn och ungdom i Folkets Hus,"Stockholm; Folkets husförening, Unga Örnar: Sveriges socialdemokratiska ungdomsförbund",1982,24 s. ill,,,"Frick, Charlotte och Hannson, Jon SSU, FHR, Unga Örnars riksförbund",,,,"Ohm-c, Samlingslokaler Allmänna Sverige",
"Andersson, Hans",Släpp krafterna loss! : folketshusrörelsens idétradition i dagens samhälle kring dagens problem,Stockholm : Liber Förlag,Nytryck 1984,,,,,,,,Ohm-c Samlingslokaelr Allmänna Sverige,
,Program för folketshusrörelsen: antaget vid Folkets husföreningarnas riksorgansiations 15:e kongress i Stockholms Folkets Hus den 2-4 juni 1980,Stockholm: Folkets Husföreningarnas Riksorganisation,1980,40 s. ill,,Folkets Husföreningarnas Riksorganisation,,,,,"OHM, Samlingslokaler Allmänna",
,Folkets Hus för alla: en debatt- och informationsskrift,Stockholm: Folkets Husföreningarnas Riksorganisation,1983,32 s. ill.,,,Folkets Husföreningarnas Riksorgansiation,,,,"Ohm-c, Samlingslokaler Allmänna Sverige",
,Nässjö  Folkets husförening 50 år : [1932-1982] : jubileumsskrift,Nässjö: Fören.,[1982],30 s.: ill.,,,,,,,"Ohm-cz, Samlingslokaler Allmönna Sverige",
,Storfors Folkets husförening 75 år: 1907-1982,Storfors: Fören.,1982,31 s. ill.,,,,,,,"Ohm-cz, Samlingslokaelr Allmänna Sverige",
"Norlenius, Sven",Edsvalla Folkets Hus: återblick på föreningens verksamhet och utveckling t o m 1982-09-04,Edsvalla: Folkets husförening,1982,56 s. : ill.,,,,,,,"Ohm-cz, Samlingslokaler Allmänna Sverige",Samling: Folkets husföreningar vol. 1
"Hultqvist, Peter",Kvarnsvedens Folkets Hus 75 år: en minnesskrift till Kvarnsvedens Folkets husförenings 75-årsjubileum,Borlänge: Kvarnsvedens Folkets Hus,[1981],21 s. ill.,,,Kvarnsvedens Folkets husförening,,,Dalarnas Folkrörelsearkiv FAW,Ohm-cz Samlingslokaler Allmänna Sverige,
"Haag, Gunnar",Norrköpings Folkets Park 1901-1981,Norrköping: Folkets Park,1981,43 s. : ill.,,,Folkets Park,,,,Ohm-cz Samlingslokaler Allmänna Sverige,
"Höglund, Robert",Historien om Folkets Park Norrköping 1901-1997 och Kulturen inom arbetarrörelsen,Norrköping,1999,114 s. : ill.,,,,,,,,
"Hellerström, Stig",Norrköpings parker 1. Folkparken: en beskrivning av dess tillkomst och utveckling,Norrköping; Park - och naturkontoret,1996,64 s. ill.,,Norrköping. Park- och naturkontoret,,,91-630-4597-4,,,
,"Folkparksforum 1969 i Stålforsskolans aula, Eskilstuna, 11 november 1969",Stockholm,1970,39 s.,,Folkets Parkers Centralorganisation,,,,,"Ohm, Samlingslokaler Allmänna",
"Persson, Nils O.",Folkets Park i Värnamo: 1914-1974,[Värnamo]…[Folkets Park],[1974],15 s. ill.,,Folkets Park (Värnamo),,,,,"Ohmz, Samlingslokaler Allmänna",
,"Folkets Park, Linköping 50 år : historik 1921-1971",Linköping : Folkets Park,1971,18 s. :  ill.,Folkets Park (Linköping),,,,,,"Ohmz, Samlingslokaler Allmänna",Br 67/5526
"Ageheim, Åsa","Samlingslokaler i Hudiksvalls kommun: examensarbete vid Arkitektursektionen, KTH",Stockholm: KTH-A,1979,61 s.,,,,,,,,
"Blomqvist, Stig",Folkparkerna i 1970-talets kulturpolitik,Stockholm: Folkparkernas Centralorganisation,1973,71 s. ill.,,"Folkparkernas Centralorganisation; Åkerström, Åsa [teckningar]",,,,,Ohmc-Samlingslokaler Allmänna Sverige,
"Östergren, Knut",Bjärnums Folkpark 1913-1973,[Bjärnum] : [Folkparken],1973,39 s. ill.,,Bjärnums Folkpark,,,,,Ohmz Samlingslokaler Allmänna,FPC´s arkiv: vol. E IX b: 1 Från Parkerna inkomna jubileumsskrifter
"Peterson, Thage G.,",Folkets Hus i centrum : information från Folkets Husföreningarnas Riksorganisation,Stockholm,1970,10 s. : ill.,,Folkets Husföreningarnas Riksorganisation,,,,,Ohm Samlingslokaler Allmänna,
,Arvika Folkets Park : 1923-50 år-1973,Arvika: Folkets Park,[1973],8 s.,,,,,,,"Ohmz, Samlingslokaler Allmänna",
"Lindström, Evert",Vardagskultur i rörelse: Folkets Park i Örebro 75 år 1977,Örebro: Föreningen Folkets Park,1977,64 s. : ill.,,,Folkets Park,,,,Ohm-cz Samlingslokaler Allmänna Sverige,FPC´s arkiv: vol. E IX b: 4 Från Parkerna inkomna jubileumsskrifter
,Föreningen Kiruna Folkpark u p a 50 år [1913-1963],Kiruna: Föreningar,[1963],10 s. : ill.,,,,,,,,
,"AB Folkets Park, Tranås, 50 år : 1907-1957",[Tranås] : [Folkets Park],1957,11 s. : ill.,,,,,,,Ohmz,
"Svanberg, Kurt",Vålbergs Folkets Hus 50 år,[Vålberg] : [Folkets husförening],1957,10 s.,,Folkets Hus (Vålberg),,,,,Ohmz,
"Peterson, Thage G.","Utredning angående eventuell sammanslagning av huvudorganisationerna Folkets Husföreningarnas Riksorganisation, Folkets Parkers Centralorganisation",Stockholm: Folkets Husföreningarnas Riksorganisation,1963,160 s. :  ill.,,"Folkets Husföreningarnas Riksorganisation, Folkets Parkers Centralorganisation",,,,,Ohm,
,"Folkets Hus, Skövde",Skövde: Folkets Hus,[1966],[20 s.]  : ill.,,Folkets Hus (Skövde),,,,,Ohmz,
,FHR / [utgiven av Folkets Husföreningarnas Riksorganisation],Stockholm,[1964],22 s. : ill.,,Folkets Husföreningarnas Riksorganisation,,,,,Ohm:bf,
"Johansson, Arndt",Falu arbetareförening : en historik [1866-1957],Falun : Föreningar,1957,142 s. : ill.,,Falu arbetareförening,,,,,Ohmz,
,30 år med Folkets Hus i Skellefteå,Skellefteå : [Folkets Hus byggnadsförening],1957,11 s.,,"Ederstål, Karl Folkets hus (Skellefteå)",,,,,Ohmz,
,Det händer i Falun : organ för Falu nya Folkets Hus - Stadsteatern,Falun : Folkets Hus,1965,,,Folkets Hus (Falun) Stadsteatern (Falun),,,,,Ikb-cz Teater Teaterhistoria Sverige Ohmz Samlingslokaler Allmänna,
,Kommunalt stöd till folkparksrörelsen / [utredningsman: Oscar Hörnelius],Stockholm : Folkets Parkers Centralorganisation,[1960],68 s. : ill.,"Hörnelius, Oscar Folkets parkers centralorg.",,,,,,Ohm-c,
,Rådgivare för samlingslokaler : FHR:s kongressbok 1957 / red. av Olle Ericsson och Arne Elmgren,[Stockholm] : [Folkets husföreningarnas riksorg.],1957,161 s. : ill.,,"Ericsson, Olle / Elmgren, Arne / Folkets Husföreningarnas Riksorgansiation",,,,,Ohm,Organisationstryck FHR 1:4 B 25/53
"Claeson, Claes-Fredrik",Lokal och publik : undersökningar kring lokaliseringen och dimensioneringen av allmänna samlingslokaler,Stockholm : Folkets Husföreningarnas Riksorganisation,1960,"158 s., : ill.",,Folkets Husföreningarnas Riksorganisation,,,,,Ohm-c,26 277
,Berättelser över Kallhälls Folkets husförenings 50-åriga verksamhet 1912-1962,Kallhäll : Fören.,[1962],7 s.,,Kallhälls Folkets husförening,,,,,Ohmz,
,Arbetarnas fastighetsförening i Skurup : 50 år : jubileumsskrift : 1906-1956,Ystad : [Fören.],1956,15 s. : ill.,,,,,,,Ohmz,
,Arbetarnas fastighetsförening i Skurup 60 år : jubileumsskrift 1906-1966,Skurup : Fören.,1966,23 s. : ill.,,,,,,,Ohmz,
,Fakta om folketshusrörelsen,Stockholm,1969,23 s. : ill.,,Folkets Husföreningarnas Riksorganisation,,,,,Ohm-c,
,Rådgivare för samlingslokaler : F. H. R:s kongressbok 1947,,1947,,,,Folkets Husföreningarnas Riksorganisation,,,,,
,Rådgivare för samlingslokaler : F H C:s kongressbok 1943,,1943,,,,Folkets Husföreningarnas Centralorganisation,,,,,Organisationstryck FHR 1:4 B 25/53
"Brihmer-Björklund, Birgitta","Förr möttes man i byarna, var träffas man idag? [Artikel]",,1984: 3,11 s. : ill.,,,,,,Ingår i Ale. - 1984: 3,Ohm-c:k46 och Ohm-c:k.5,
"Moulaison, Georges",Uddevalla Folkets Park. 1908-1978. Jubileumsskrift.,Uddevalla,[1978],91 s. ill.,,,Folkets Park,,,,Ohm-cz,FPC´s arkiv: vol. E IX b: 4 Från Parkerna inkomna jubileumsskrifter
"Lindqvist, Sigvard",Jönköpings andra Folkpark : 1923-1945 (1970) [Artikel],,1984,21 s. : ill.,,,,,,"Ingår i Gudmundsgillets årsbok. - 1984 (40), s. 50-71 : ill.",Ohm-cz,67/11 138
"Lindqvist, Sigvard",Jönköpings första Folkets Park : 1906-1911 [Artikel],,1983,11 s. : ill.,,,,,,"Ingår i Gudmundsgillets årsbok. - 1983 (39), s. 62-73 : ill.",Ohm-cz,67/11008
"Engel, Ann Mari",Mellan masskultur och finkultur : Folkparkernas teaterverksamhet 1905-1980 [Artikel],Stockholm,1982,8 s. : ill.,,,Arbetarrörelsens arkiv och bibliotek i Stockholm,,,Ingår i Meddelande från Arbetarrörelsens arkiv och bibliotek 1982:22(Årg.6) s. 34-41 : ill.,Ikb-c.5 Ohm-c:5,REF
"Jönsson, Ronny",Nu eller aldrig : historien om en Folkpark och människorna som aldrig gav upp : Hasselbacken från 1930-talet och inför 2000-talet  [Artikel],Alstermo,1996,55 s. : ill.,,,,,,"Ingår i Älghultskrönika. - 1996(53), s. 66-121 : ill.",,
"Hellgren, Otto",En högtidsdag i Grängesberg : invigningen af “Cassels donation” [Artikel],,1900,2 s.,,,,,,Ingår i Svensk löraretidning. - 1900(19:5) s. 85-86 Om samlingslokal för arbetarna. Tal av J.A. Ekman,,
"Sörensen, Arne",Våra samlingslokaler,,1934,2 s.,,,,,,"Ingår i Frihet (Stockholm). - 1934(18:18), s. 9-10",,B 19/18-20
"Olsson, Oscar",Bygdegårdar och föreningslokaler : (ur en ny upplaga av Folkets bildningsarbete) [Artikel],,1921,5 s.,,,,,,Ingår i Bokstugan. - 1921(5:7) s. 145-149,,
"Berggren, Kersti",Folkrörelsernas hus,,1997,9 s. : ill.,,,,Folkrörelserna : demokratins vägröjare,,"Ingår i Folkets historia. - 1997(25:1), s. 26-34 : ill.",Ohm-c:k.5  Ku-c.5,C25/06
"Ström, Fredrik",Folket och skönhetssinnet [Artikel],,1916,1 s.,,,,,,"Ingår i Morgonbris. - 1916(12:12), s. 4",,"Org.ref. B 19/25-26, IX:11 1904-1928"
"Billing, Peter","Sillafrukost, dans och annat i Malmö Folkets Park 1891-1930 [Artikel]",,,11 s.,,,,,,"Ingår i Arbetets historia. - 7, s. 75-85",Ohm-cz,
"Schnell, Jan-Bertil",Folkrörelsernas byggnader [Artikel),Stockholm : Carlsson i samarbete med RAÄ och SR,1995,13 s. : färgill.,,"Dunér, Katarina och Hall, Thomas",,,,Ingår i Svenska hus s. 197-209,,
,"100 år - Metall, Avd. 82 - Norrtälje","Norrtälje : Avdelning 82, Svenska Metallindustriarbetareförbundet",1999,"103, s. : ill.",,Svenska Metallindustriarbetareförbundet. Avdelning 82,,,,,Ohai-cza Fackliga organisationer Sverige,67/18384
"Cederholm, Gunnar",Folkets Parks i Mölndal historia 1918-1945,"Göteborg : Göteborgs univ., litt. vet. inst.",1995 [1982],29 s. : ill.,"Hesselroth, Lennart",,,,,Finns på FA Mölndal,Ohm-cz,
,Folkets Park : folkparkschefens hus och vaktmästarbostaden,[Halmstad] : Landsantikvarien,1995,[23] s. : ill.,,Hallands län. Landsantikvarien,,,,,Icv-cz,
"Andersson, Gunder",Folkets Park : en hundraårig historia,Stockholm : Gidlund i samarbete med Folkparkerna i Sverige,1991,164 s. : ill.,,Folkparkerna i Sverige,,,91-7843-014-3,,Ohm-c:k.5  Ikö-c:k.5,67/14770
"Billing, Peter",Hundra år i folkets tjänst : Malmö Folkets Park 1891-1991 : jubileumsskrift,Malmö : Malmö socialdemokratiska förening,1991,62 s. : ill.,,Malmö socialdemokratiska förening,,,,,Ohm-cz,67/14889
"Jansson, Evert",Folkets Park Riddarhyttan 60 år,Riddarhyttan : Folkets Hus & Park i Riddarhyttan,1980,26 s. : ill.,,,,,,FHP-enkät,,
"Sjökvist, Gunnar",Folkets Park och Folkets Hus i Gislaved : en 50-årskrönika,Gislaved : Fören. Folkets Park och Folkets Hus,1981,36 s. : ill.,,,Folkets Park,,,,Ohm-cz,
"Andersson, Carl-Ola",Fackföreningsrörelsen i Skelleftebygden : en minnesskrift till Skellefteå fackliga centralorganisations jubileumsfest den 26 augusti 1951,Umeå,1951,27 s. : ill.,,,,,,,,Br 67/5332
"Engman, Annika",“Vi bygger Östersunds Folkets Hus” : en berättelse om ett stort kollektivt förarbete av människor från de olika ägarorganisationerna,Östersund : Fören. Folkets Hus,1981,20 s. : ill.,,,Föreningen Folkets Hus,,,,Ohm-cz,Organisationstryck FHR och FPC lokalt B 25/53
"Willner, Margareta",Varsinais-Suomen työväentalot : rakennushistoriallinen dokumentointi ennen vuotta 1935 rakennetuista työväentaloista / Folkets hus i Egentliga Finland : en byggnadshistorisk dokumentation av arbetarföreningshus byggda före år 1935,Turku,1978,149 s. : ill.,,,,Raportteja / Turun kaupungin historiallinen museo ; 2,951-9125-19-1,,Ic-dd.5 Arkitektur Finland Modern Tid Ohm-dd Samlingslokaler Allmänna Finland,
"Bergman, E R",Abisko Folkets Hus 1908-1978,Kiruna,1979,8 s.,,,,,,,Ohm-cz,
,Föreningen Folkets Hus Katrineholm 75 år 1903-1978 : jubileumsskrift,Katrineholm : Fören.,1978,36 s. : ill.,,,Katrineholms Folkets husförening,,,,Ohmz,
,Folkets Hus i Karlskoga : 25 år : 1953-1978,Karlskoga : Fören. Folkets Hus,[1978],19 s. : ill.,,,Föreningen Folkets Hus,,,,Ohmz,
"Olsson, Reinhold",75 år i folkrörelsernas tjänst : Folkets Hus & Park i Sundsvall 1902-1977,Sundsvall : Fören. Folkets Hus och Park,1977,62 s. : ill.,,,Föreningen Folkets Hus och Park,,,,Ohm-cz,Br 67/1573
"Ahlman, Harald",Folketshusresan i Skåne,Lund : ABF Skåne,[1979],59 s. : ill.,,,ABF,,,,Ibz Konst Konsthistoria Ohm-c Samlingslokaler Allmänna Sverige,Br 67/2654
"Göransson, Rune",Folkets Hus och Park Härnösand 75 år,Härnösand : Fören. Folkets Hus i Härnösand,1978,32 s. : ill.,,,Föreningen Folkets Hus,,,,Ohm-cz,
"Jullum, Bjarne",Folkets Hus 50 år : 1907-1957,Oslo,1957,122 s. : ill.,,,,,,,,39669
,"Föreningen Folkets Hus, Krokslätt i Mölndal, u.p.a. : kort resumé över verksamheten under tiden från starten år 1924 till nedläggandet av verksamheten år 1964",Mölndal: Fören.,1965,11 s.,,Föreningen Folkets Hus (Krokslätt i Mölndal),,,,,Ohmz,
,"Föreningen Folkets Hus, Bureå : historik 1923-1959",Bureå : Fören.,1959,15 s. : ill.,,Föreningen Folkets Hus,,,,Uppgift i FHP-enkät,Ohmz,
,"Föreningen Folkets Hus, Bollnäs, 1913-1963",Bollnäs : Fören.,1963,14 s.,,,,,,,Ohmz,
"Elowsson, Nils",Åhus Folkets Hus- och parkförening 50 år : minnesskrift,[Åhus] : [fören.],1956,27 s. : ill.,,,,,,,Ev-c:bf Folkbildning Sverige,
"Gustafsson, Hans",I samhällets och folkrörelsernas tjänst 1937-1962,[Norrhult] : Södra Smålands distrikt av Folkets Hus och Parker : Södra Sveriges folkbiografer,1962,35 s. : ill.,,Södra Sveriges folkbiografer Södra Smålands distrikt av Folkets Hus och Parker,,,,,Ohm:bf,
"Lundkvist, Olle",Arbetarborgen : [Kristinehamns Folkets Hus invigning den 1 december 1935],Kristinehamn : Folkets husfören.,1935,28 s. : ill.,,,,,,,,Br 67/5606
,"10-åringen : basartidning utgiven av Föreningen Folkets Hus, Karlskoga, november 1911",Örebro,1911,16 s. : ill.,,,,,,,,Br 67/5605
"Lidforss, Bengt",Socialistisk journalistik : ur Bengt Lidforss´efterlämnade skrifter ; D. 2 : Dagsbilder,Malmö : Framtiden,1923,200 s.,,,,,,,Samlingsverk,
,Deje Folkets Hus 25 år : Minnesskrift 1921 27/11 1946,Karlstad : Värmlands Folkblad,1946,40 s. : ill.,,,,,,,,
,Svenska folkrörelser ; 5 : Folkets Hus och Parker,Stockholm : Lindfors,1939,556 s. : ill.,,"red. -kommitté:  Sigfrid Hansson, Gottfrid Palm m fl","Hansson, Sigfrid",,,Svenska folkrörelser är ett verk i flera delar,Ohm-c,REF 2:2
"Branting, Hjalmar",Tal och skrifter / Hjalmar Branting ; redaktion: Z. Höglund ; 3 : Kampen för demokratin 1,Stockholm : Tiden,1927,375 s.,,"Höglund, Zeth",,,,,,REF 2:2 39003
"Lindberg, Niklas",Hissmofors Folkets Hus [Artikel],,1984,4 s.,,,,,,Ingår i Jämten - 1984(77) s. 176-179,Ohm-cz,(Samling: Folkets husföreningar vol. 1?)
"Ericsson, Per",Folkets Hus i Jönköping [Artikel],,1991,13 s. : ill.,,,,,,"Ingår i Gudmundsgillets årsbok. - 1991 (47), s. 50-62",Ohm-cz,
"Söderhäll, Bengt","Samhällsutveckling : Torsten Billmans fresk i Folkets hus, Gävle [Artikel]",,1982,8 s. : ill.,,,,,,"Ingår i Från Gästrikland. - 1982, s. 27-34",,
,Folkets Hus i Grängesberg [Artikel],,1898,2 s.,,,,,,"Ingår i Julfacklan. - 1898(5), s. 20-21",,
"Hansson, Göran",Folkets Hus Hallsberg : Bayerer Hansson Heidenreich Schuster Dip-Ing Architekten,,1988,2 s. : ill.,,,,Artikelserie På förhand,,"Presentation av planen för folkets hus i Hallsberg. Ingår i Arkitektur. - 1988:3, s. 12-13 : ill.",,
"Björkman, Armand",Linköpings konsert & kongress [Artikel],Linköping,1988,8 s. : färgill.,,,,,,"Ingår i Arkitektur. - 1988:2, s. 12-19 : färgill.",,
"Bergqvist, Ola",Botkyrkafolkets Hus [Artikel],,1987,1 s. : färgill.,,,,,,"Ingår i Arkitektur. - 1987 : 10, s. 11 : färgill.",Ic-cz Arkitektur Sverige Icd-c Arkitektur Byggnader Sverige,
"Abrahamsson, Kristina",Folkets Hus norra Botkyrka [Artikel],,1987,7 s.,"Kwetczers, Jacek",,,Artikelserie Debut,,Ingår i Arkitektur 1987:10. s. 4-10 : färgill.,Ic-cz Arkitektur Sverige Icd-c Arkitektur Byggnader Sverige,
,Ett arbetarepalats i Göteborg [Artikel],,,2 s.,,,,,,"Ingår i Första maj. - 1908, s. 14-15",,
"Hellberg, Mauritz",Folkets Husen i Värmland [Artikel],,1919,2 s.,,,,,,"Ingår i Unga tankar. - 1919(14:12), s. 164-165",,
"Nilsson, Fredrik",När arbetarne läsa [Artikel],,1902,5 s.,,,,,,"Ingår i Lucifer. - 1902(1:2), s. 26-30",,
"Magnusson, G. Gerhard",Arbetarnas Stockholm [Artikel],Stockholm : Nilsson & Bergling,1901,4 s.,,,,,,"Ingår i Boken om Stockholm i ord och bild. - Stockholm : Nilsson & Bergling, 1901-1902. - Vol 1, 1901, s. 335-338",,
"Stensman, Mailis",Lär av 60-talet : Konst och arkitektur i samklang [Artikel],Stockholm,1988,3 s. : ill.,,,,,,"Ingår i Form (Stockholm). - 1988(84:7), s. [49]-51 : ill.",Iiv-cz Konst Offentlig Miljö Sverige Ibz Konst Konsthistoria,
"Jonsson, Conrad",Konsten åt folket [Artikel],Trelleborg,1911,1 s. [?],,,,,,Ingår i Ungdemokraten / [utg. : Trelleborgs socialdemokratiska ungdomsklubb].,,
"Rådström, Anne Marie",Min morfar byggde Sveriges första Folkets hus [Artikel],,1996,57 s. : ill.,,,,,,"Ingår i Elbogen (Årsskrift). - 1996(64), s. 35-86 : ill. Om Johan Vilhelm Nordborg och Malmö Folkets hus, uppfört 1892-1893",Ohm-cz Samlingslokaler Allmänna Sverige Lz Biografi Genealogi,
"Björklund, Gottfrid",Folkets Hus förr och nu : olika arter och typer : för Julfacklan  [Artikel],,1916,2 s.,,,,,,"Ingår i Julfacklan. - 1916(23), s. 10-11",,
"Kilbom, Karl",Något om våra Folkets Hus [Artikel],,1916,2 s.,,,,,,"Ingår i Folkkalendern. - 1916, s. 115-116",,
,Statsbidrag till Folkets husföretag : en motion i första kammaren [Artikel],,1912,1 s.,,,,,,"Ingår i Lantarbetaren. - 1912(5:5), s. 2 Avser Mauritz Hellbergs motion",,
"Hellberg, Mauritz",Folkets Hus idéen : enligt värmländskt mönster [Artikel],,1911,2 s.,,,,,,"Ingår i Unga tankar. - 1911(6:9), s. 137-138",,
"Smedberg, Richard",Lokalfrågan [Artikel],,1908,3 s.,,,,,,"Ingår i Social tidskrift. - 1908(8:1), s. 44-46",,
,Bildande förströelser [Artikel],,1902,1 s.,,"Hellberg, Mauritz Salomon, Otto",,,,"Ingår i Folkskolans vän. - 1902(18:19), s. 266",,
"Salomon, Otto",Bildande förströelser [Artikel],,1902,,,"Hellberg, Mauritz",,,,Ingår i Slöjdundervisningsblad från Nääs. - 1902(18:4),,
,Folkbildningshem,,1902,2 s.,Mauritz Hellberg,,,,,Ingår i Svensk lärartidning. - 1902(21:15) s. 39-40,,
,Ett hus betyder så mycket,Stockholm,1998,,,,,,,,,
"Knutsson, Rickard",Åhus Folkets Hus & parkförening u p a 90 år,Åhus,[1996],30 s. : ill.,,,,,,Ingår i Skrifter / utgivna av S:ta Annas Gille i Åhus ; 17,Ohm-cz,
"Karlsson, Bengt",Folkets Park i Lund : en 100-årig historia 1895-1995,[Lund],1995,160 s. : ill.,,,,,91-630-3668-1,,Ohm-cz,
"Fredriksson, Jan",Folkets Hus - arbetarborgen,Helsingborg : ABF : St ockholm : Hägglund,1994,"96 s. : ill., faks",,Arbetarnas Bildningsförbund (Helsingborg),,,91-7123-046-7,,,
,Remissammanställning över betänkandet SOU 1994:32 Mycket under samma tak,Stockholm 1994,,,,,,,,,,
,Mycket under samma tak ; 1993 års samlingslokalutredning,Stockholm,1994,,,,,,,,,
"Carlsson, Hans",Folkets Park Västervik : bilder ur Folkets Parks historia,Västervik : Norra Kalmar läns föreningsarkiv,1993,47 s. : ill.,,Norra Kalmar läns föreningsarkiv,,Folkrörelsehistoria; 4,,,Ohm-cz,
"Nuder, Pär",700 “nya” Folkets Hus : en debatt om Folkets Hus framtid,Stockholm : Folkets Hus Riksorganisation,1993,63 s. : ill.,,,,,,,Ohm-c,
,"Sommarlust, 50 år som folkpark och 90 år som nöjespark 1993 (Kristianstad)",[Kristianstad],1993,40 s. : ill.,,,,,,,Ohm-cz,
"Mårtensson, Eric",Minnen kring Folkets Park i Skurup,Skurup,1991,59 s. : ill.,,,,,,,,
"Moback, Jan","Huset & parken : ett redskap för styrelsens diskussioner, studier och planering med sikte på framtiden",Stockholm. FHR och FPC,1988,47 s. : ill.,"Erlandson-Ribrant, Katarina",,,,91-7994-016-1,,Ohm-c,
"Berntsen, Harald",100 år med Folkets Hus,Oslo : Folkets Hus landsforbund : Tiden Norsk Forlag,cop. 1987,530 s. : ill.,,,,,82-10-03042-6,,"Ohm-db:k Samhällslokaler Allmänna Norge Historia Vetenskapshistoria Ku-db 46, Socialhistoria Norge Nya Tiden",
,Samnyttjande av allmänna samlingslokaler i glesbygd,Stockholm,1987,,,,,,,,,
,Södra distriktet av FHR 25 år 1961-1985,Nässjö,[1986],24 s. : ill.,,,,,,,Ohm-c:bf,
"Nyman, Kaj",Beckomberga Folkets Hus,Bromma,1986,23 s. : ill.,Denny Lorentzen [foto],Beckomberga Folkets Hus,,,,,Ohm-cz Samlingslokaler Allmänna Sverige Vp-cz Hälsovård Sjukvård Sverige,
"Petersson, Birgit",Umeå Folkets Hus och dess historia,Umeå : Folkets husförening,[1986],"152 s. : ill., faks",,,,,,,Ohm-cz,manus 149 s. Samling: Folkets husföreningar vol. 3
"Linder, Sven-Ulrik",Inventering av folkparkernas upprustnings- och utbyggnadsbehov för tiden 1986-1990,Stockholm : FPC,1986,211 s. : tab.,,Folkparkernas Centralorganisation,,,,,Ohm-c Samlingslokaler Allmänna Sverige Ppbdg Husbyggnad,
"Lindstrand, Gisela",Folkets Hus mitt i byn,Stockholm : FHR,1986,54 s. : ill.,,,,,,,Ohm-c,
"Gunsth, Albin",Historik om Norrbo Folkets Hus,Norrbo : Folkets Hus,[1986],16 s.,,Folkets Hus Norrbo,,,,,Ohm-cz,
"Alfredsson, Arthur",Väsbyminnen : en förenings historia,Upplands Väsby : Fören. Väsby medborgarhus,1985,76 s. : ill.,,"Hildeland, Monica Föreningen Väsby medborgarhus",,,,,Ohm-cz,
"Petersson, Birgit",Umeå Folkets Hus och dess tillkomsthistoria,Umeå Folkets husförening,[1985],48 s. : ill.,,,,,,,Ohm-cz,
,Samhället och samlingslokalerna,Stockholm,1981,,,,,,,,,
"Nyberg, Helge",Ljungaverks Folkets husförening 50 år : 1929-1979,[S.I.],[1980],[7] s.,,,,,,,,
"Ahlman, Harald",Folkets Hus - byggnader på Gotland : låt husen berätta,Visby : ABF Gotland,[1980],16 s. : ill.,,,,,,,Ibz Konst Konsthistoria Ohm-cbf Samlingslokaler Allmänna Gotland,
"Lindh, Erik A.",Byggnadsföreningen Heijmdal,[Tumba],[1984],,,,,,,,,
,Vårt Folkets Hus / [innehåll och grundms: Malte Askvik...],Stockholm : Folkets Husförenigarnas Riksorgansiation (FHR) : Brevskolan,1977-1979,6 vol.,,,Folkets husföreningarnas riksorganisation,,91-7026-885-1,,Ohm-c,FHR 5 Serier
,Vårt Folkets Hus  Avsnitt 1 / Detta är Folkets Hus [innehåll och grundms: Malte Askvik...],Stockholm : Folkets Husförenigarnas Riksorgansiation (FHR) : Brevskolan,1977,28 s. : ill.,,,Folkets Husföreningarnas Riksorganisation,,,,,FHR 5 Serier
,Vårt Folkets Hus Avsnitt 2 / Folkets Hus olika verksamhetsgrenar [innehåll och grundms: Malte Askvik...],Stockholm : Folkets Husföreningarnas Riksorgansiation (FHR) : Brevskolan,1977,25 s. : ill.,,,Folkets Husföreningarnas Riksorganisation,,,,,FHR 5 Serier
,"Vårt Folkets Hus Avsnitt 3 / Folkrörelsedebatten, huvudmannaskap [innehåll och grundms: Malte Askvik...]",Stockholm : Folkets Husförenigarnas Riksorgansiation (FHR) : Brevskolan,1979,15 s. : ill.,,,Folkets Husföreningarnas Riksorganisation,,,,,FHR 5 Serier
,Vårt Folkets Hus Avsnitt 4 / Vad är kultur? [innehåll och grundms: Malte Askvik...],Stockholm : Folkets Husförenigarnas Riksorgansiation (FHR) : Brevskolan,1978,31 s. : ill.,,,Folkets Husföreningarnas Riksorganisation,,,,,FHR 5 Serier
,Vårt Folkets Hus Avsnitt 5 / Ekonomi [innehåll och grundms: Malte Askvik...],Stockholm : Folkets Husförenigarnas Riksorgansiation (FHR) : Brevskolan,1978,22 s. : ill.,,,Folkets Husföreningarnas Riksorganisation,,,,,FHR 5 Serier
,Vårt Folkets Hus Avsnitt 6 / Att sälja Folkets Hus - som idé och företag [innehåll och grundms: Malte Askvik...],Stockholm : Folkets Husförenigarnas Riksorgansiation (FHR) : Brevskolan,1978,31 s. : ill.,,,Folkets Husföreningarnas Riksorganisation,,,,,FHR 5 Serier
,Finansiering av allmänna samlingslokaler,Stockholm: Allmänna förlaget,1971,143 s.,,,Samlingslokalutredningen,,,SOU 1971:92,,
"Andersson, Sven",Ösmo Folkets husförening 50 år : några minnen och protokollsanteckningar,Sundberg,[1973],12 s.,,Ösmo Folkets husförening,,,,Lunds universitetsbibliotek,Ohm-z,
,Folkrörelser och samlingslokaler / Referensgruppen för folkrörelsefrågor,Stockholm,1979,,,,Referensgruppen för folkrörelsefrågor,,,,,
"Ahlman, Harald",Folketshusresan i Skåne,Lund,1979,,,,,,,,,Br 67/2654
"Elowsson, Nils",Åhus Folkets Hus- och parkförening 70 år,Åhus,1976,,"Dahl,  Olle",,,,,,,
,Betänkande med förslag till ändring av bestämmelserna om statligt stöd för allämnna samlingsloklaer m.m.,Stockholm,1960,,,,,,,,,
,Allmänna samlingslokaler : handledning,Stockholm,1962,63 s.,,,,,,,,
,Våra samlingslokaler : I staden - på landet,Stockholm: Natur och kultur,1943,95 s. : ill.,"Rydh, Hanna",,,Fredrika Bremer-förbundets skriftserie ; 5,,,Ohm,Br/ 35 307
,Betänkande med utredning och förslag rörande tillgodoseendet av behovet av allmänna samlinglokaler,Stockholm,1939,,,,,,,,,
,Upprop till skandinaverna i Chicago,Chicago,1904,1 ark,,"Alberg, Albert",,,,,Ohm-qaz Samlingslokaler Allmänna Förenta Staterna,
"Lundberg, C.L.",En kulturens utpost i höga Norden / Om arbetarnas församlingsbyggnad i Malmberget. [Artikel],,1897,2 s.,,,,,,"Ingår i Julfacklan. - 1897(4), s. 4-5",,
"Ohlsson, Bror-Erik",Ett sekel av upplevelser : Parken Zoo i Eskilstuna 100 år / av Bror-Erik Ohlsson ; minnesanteckningar av Håkan Boström,Eskilstuna : Stadsarkivet,1998,152 s. : ill.,,Håkan Boström,,,91-87954-18-4,,Ohm-cz,
"Ahlberg, Hakon",Typritningar till Folkets hus.,Stockholm,1932,7 s.,,,,,,,,
"Estreen, Rishard",Arbetarna och teatern,Stockholm,1972,,,,,,,Ingår i Arbetarrörelsens årsbok 1972,,
,Folkets Hus - ortens kulturcentrum : utg. i samband med FHC kongress i Stockholm 21-23 febr 1941,Stockholm,1941,48 s. : ill.,,,,,,,,
,Folkparksforum -69 : estraddebatt : folkparkerna-fritiden-framtiden,Stockholm,1970,39 s.,,,,,,,,
"Hedberg, Peter",Folkparkerna : ett analysförsök,Lund,1968,,,,,,,Trebetygsuppsats i sociologi Vt 1968,,
"Hedberg, Peter",Slutrapport för undersökning av Folkparkerna sommaren 1966,Lund,[1966],,,,,,,,,
Lindroth; Bengt,Bingo! : en kritisk granskning av folkrörelserna i Sverige 1850-1975,Stockholm,1975,224 s.,,,,,,,,
"Malmsten, Fritiof","Varieté : Frtitiof Malmsten berättar minnen från en nära 50-årig verksamhet bland artister, nöjesföretag och samlare.",Jönköping: Folkets Parkers Centralstyrelsers förlag,1945,179 s. : ill.,,,,,,,,
,De svenska folkparkerna : the popular parks of Sweden : die Swedischen Volksparke,Eskilstuna,1930,16 s.,,,,,,,,
,Kort översikt över Arkelstorps Folkets husförenings 25-åriga verksamhet.,Kristianstad,1932,8 s. ill.,,,,,,,,
"Persson, Henrik",Folkets Hus i Borås 50 år 1899-1949 ; minnesskrift,[Borås],1949,47 s. : ill.,,,,,,,,
,Minnesskrift : 10/3 1901-1941 / Föreningen Folkets Hus i Domnarvet-Borlänge,Falun,1941,37 s.,,,,,,,,
"Andersson, Anders","Historik : till Föreningen Folkets Hus, Falkenberg, 30-fest den 7 nov 1936",[Falkenberg],[1936],5 s.,,,,,,,,
,Festskrift till invigningen av Stadsteatern - Folkets Hus i Falun den 10 oktober 1964,Falun,1964,20 s. : ill.,,,"Byggnadskommittén för Stadsteater - Folkets Hus, Falun",,,,,Samling: Folkets husföreningar vol. 1
,Minnesskrift i anledning av Hagfors Folkets husförenings 10-åriga tillvaro 1918-1928,Karlstad,1928,23 s. : ill.,,,,,,,,
,Halmstad Folkets Hus och Folkpark 75 år 31 ugusti 1974,Halmstad,1974,37 s. : ill.,,,,,,,,
,Jubileumsskrift med anledning av Hofors Folkets husförenings 40-åriga verksamhet 1906-1946,Hofors,1946,55 s. : ill.,,,,,,,,Samling: Folkets husföreningar vol. 1
,Folkets Hus jubileumsskrift [Hudiksvall],Hudiksvall,1934,12 s. : ill.,,,,,,,,
,Folkets Husföreningen Hudiksvall 50 år 1904-1954,Hudiksvall,1954,20 s. : ill.,,,,,,,,
,Minnesskrift över Huskvarna Folkets Hus 30-åriga verksamhet : 1909-1939,Jönköping,1939,7 s. : ill.,,,,,,,,
,Jubileumsbladet : Hälsingborgs Folkets Hus 1906-1931 och fackliga centralorganisationen 1926-1931,Hälsingborg,1931,18 s. : ill.,,,,,,,,Br Q/063
,Kort historik över föreningen Folkets Hus åren 1908-1928 : uppgjord till jubiléet den 3 november 1928 [Lund],Lund,1929,,,,,,,,,
"Eriksson, Anders",Lunds Folkets Hus 1900-1950 : minnesskrift / på uppdrag av föreningens styrelse utarb.,Lund,1951,119 s. : ill.,,,,,,,,39682
,Minnesskrift 1918-1943 / Folkets husföreningen i Munkfors 25 år,Karlstad,1943,32 s. : ill.,,,,,,,,
,Minnesskrift : Norberg Folkets husförening 1914-1939,Västerås,1939,28 s. : ill.,,,,,,,,
,40-årsberättelse 1912-1951 / Föreningen Folkets Hus i Sollentuna u p a Rotebro,Rotebro,1952,23 s.,,,,,,,,
,50-årsberättelse 1912-1961 / Föreningen Folkets Hus i Sollentuna u p a Rotebro,Rotebro,1962,17 s.,,,,,,,,
"Tengdahl, Knut",Historik över Folkets Hus i Stockholm,Stockholm,1911,15 s.,,,,,,,,
"Berglund, J. E.",Historik över Folkets Hus i Stockholm,Stockholm,1912,14 s.,,,,,,,,
,"Föreningen Folkets Hus, Södertälje 1903-1928",[Södertälje],1928,22 s. : ill.,,,,,,,,
,"Föreningen Folkets Hus, Södertälje u.p.a.1903-1943 : jämte verksamhets- och revisionsberättelse för 1942",Södertälje,1943,15 s. : ill.,,,,,,,,
"Wallin, Torsten",Södertälje Folkets Hus 1903-1953 : okuvlig vilja högborens grund : en krönika i anslutning till Södertälje Folkets Hus´ Förenings 50-årsjubileum,Södertälje,1953,65 s. : ill.,,,,,,,,
,Kortfattad historik öfver 20 år af Föreningen Folkets Hus i Uppsala tillvaro och verksamhet.,Uppsala,1918,14 s.,,,,,,Förvaras på FAC Folkrörelsernas arkiv i Uppsala län: R 1991,,
,Föreningen Folkets Hus u.p.a. Valdemarsvik : historik 1918-1938,[Valemarsvik],1938,7 s.,,,,,,,,
,Vårt nya Folkets Hus,Åhus,1961,5 s.,,,,,,,,
"Österberg, Gottfrid",Minnesskrift utg. med anledning av Österby-Dannemora Folkets husförenings tjugofem års jubileum,Tierp,1947,31 s. : ill.,,,,,,,,Samling: Folkets husföreningar vol. 3
,Minnesskrift vid Arvika Folkets Parks 25-årsjubileum 1948,[Arvika],[1948],43 s. : ill.,,,,,,,,
,Sommarens festprogram 1946 : Alingsås Folkets Park,Alingsås,1946,48 s. : ill.,,,,,,,,
,"Folkets Park, Alingsås : 1915-1930",Alingsås,1930,48 s.,,,,,,,,
,Folkets Park Enköping 50 år,[Enköping],1951,22 s.,,,,,,,,
"Persson, Karl",Jubileumsskrift med anledning av Folkets Hus och Park i Fagersta 40-åriga verksamhet 1906-1946,Fagersta,1946,40 s. : ill.,,,,,,finns hos föreningen,,
,Flens Folkets Parks jubileumsskrift 1906-1931,Flen,1931,16 s. : ill.,,,,,,,,
"Jacobson, Signe",Folkparken : minnesskrift i anledning av Folkparken i Halmstad 10-årsjubileum 30 april 1937,Halmstad,1937,32 s. : ill.,,,Föreningen Folkets Park i Halmstad,,,,,
,Huskvarna Folkets Park 23/6 1925-1935 : jubileumsskrift och sommarens program,Jönköping,1935,39 s. : ill.,,,,,,,,
"Nyman, Einar",Folkets Park Härnösand 25 år,Härnösand,1928,47 s. : ill.,"Nordin, Herman och Träff, Ragnar",,,,,,,
"Hörngren, Olov",Folkets Park Härnösand 50 år,Härnösand,1953,59 s. : ill.,,,,,,,,
"Andersson, Robert",Kalmar Folkparks historia 1900-1950 : tillägnad Föreningen Folkets Hus,Kalmar,1951,151 s. : ill.,,,,,,,,
,Festskrift vid Karlshamns Folkets Parks 40-årsjubileum,[Karlshamn],1943,15 s. : ill.,,,,,,,,
"Ericsson, Elof",Festskrift : anteckningar om Föreningen Folkets Hus och Park i Karlskoga samt dess verksamhet åren 1900-1953 : utgiven till invigningen av Karlskoga Folkets Hus och stadsteater den 12 december 1953,Örebro,1953,47 s. : ill.,"Claesson, Stig och Olsson, Eric",,,,,,,
,Sommarlust 50 år [Kristianstad Folkets Park 1903-1953],Kristianstad,1953,58 s. : ill.,,,,,,,,
,"Folkets Park, Limmared, 20 år [1928-1948]",Borås,1948,30 s. : ill.,,,,,,,,
,Folkets Parks teater Linköping 1921-1946,Linköping,1946,32 s. : ill.,,,,,,,,
,Folkets Park i Ljungsbro 25 år,Linköping,1953,23 s. : ill.,,,,,,,,
,Folkparksfrågan i Ljusne : Folkparkskommitténs utredning,Söderhamn,1942,22 s.,,,,,,,,
"Kvarnström, Sune",Föreningen Folkets Park i Mora U.P.A. 25 år : en berättelse om Mora Folkets Park 1926-1951,Mora,1951,14 s. : ill.,"Jansson, Einar",,,,,,,
,Folkets Hus och Park i Norrhult : fyrtioårsjubileet 1948,Åseda,1948,33 s. : ill.,,,,,,Kronobergsarkivet,,
,Föreningen Nybro Folkets Hus och Park 1907-1957,Nybro,1957,29 s. : ill.,,,,,,,,
,Föreningen Nybro Folkets Hus och Park 1907-1947,Nybro,1947,20 s. : ill.,,,,,,,,
,Festskrift till Skellefteå stads Folkets Hus- och Parkjubileum 1951 [1926-1951],Umeå,1951,15 s. : ill.,,,,,,,,
,Föreningen Folkets Park Sundsvall 25 år,Sundsvall,1927,28 s. : ill.,,,,,,,,
,Folkets Park Säffle 25 år 1929-1954,Säffle,1954,31 s. : ill.,,,,,,,,
,Aktiebolaget Folkets Park :  festskrift 1907-1947,Tranås,1947,10 s. : ill.,,,,,,,,
,Folkets hus och Folkets Park 1897-1927 : minnesskrift [Trelleborg],Malmö,1927,16 s. : ill.,,,,,,,,
,"Folkets Hus och Folkets Park, Trelleborg 29/8 1897-1937 : minnesskrift",Trelleborg,1937,17 s. : ill.,,,,,,,,
"Sellman, Birger","Folkets Park, Trollhättan, 25 år 1945 : festskrift",Trollhättan,1945,43 s. : ill.,,,,,,,,
,"Föreningen Folkets Park u.p.a. Valdemarsvik, 1924-1944",Valdemarsvik,1944,20 s. : ill.,,,,,,,,
"Kanje, Allan",A.B. Varbergs nöjesplats Varberg 1932-1942 : jubileumsskrift utgiven med anledning av företagets 10-åriga tillvaro,Varberg,1942,43 s. : ill.,,,,,,,,
,Berättelse om Vetlanda Folkets Park åren 1915-1935,Jönköping,1935,23 s. : ill.,,,,,,,,
"Johansson, Anton",Berättelser över Folkets Park Värnamo femtonåriga verksamhet 1914-1929,Jönköping,1929,28 s. : ill.,"Karlsson, Harald Wahlgren, Yngve",,,,,,,ARAB Organisationstryck FHR o FPC lokalt B 25/53
,Festskrift utgifven med anledning av Folkets Park i Västervik 20-åriga tillvaro.,Västervik,1922,11 s. : ill.,,,,,,,,
"Jeansson, Carl",Folkets Park Västervik : 50-årsberättelse tiden 1902-1952,Västervik,1952,48 s. : ill.,,,,,,Dalarnas Folkrörelsearkiv,,
"Hedberg, Aug.",Föreningen Folkets Hus och Park i Västerås u.p.a. 50 år 14/5 1899-1949,Västerås,1949,45 s. : ill.,,,,,,,,
,Växjö Folkets Park 1910-1935,Växjö,1935,30 s. : ill.,,,,,,Kronobergsarkivet,,Br 67/4107
"Jullum, Bjarne",Folkets Hus : 1907-1932,Oslo,1932,,,,,,,,,23 762
"Berner, Rudolf",Kultur till vardags ; Reportageserie,Stockholm,1953,,,,,,,Särtryck ur Metallarbetaren 1953,,Br/ 5140
,Samlingslokaler ; Anvisningar och bestämmelser gällande vid anordnande av allmänna samlingslokaler,Stockholm,1943,,,,,,,,,Br/ 24 991
,Folkets Husföreningarnas Centralorganisation ; klipp,Stockholm,"23/4 1940, 1941",,,,,,,Klipp ur Socialdemokraten 23/4 1940 Klipp ur Fackföreningsrörelsen nr 9 1941,,Fackfören. hist
"Drougge, Per / red.",Folkets Hus - kulturhuset / Idé och verklighet,Södertälje Kulturnämnd,1980,44 s. : ill.,"Bergdahl-Nörby, Kerstin ;  bildtext","Göransson, Hans Carlsson, Leif ; omslag",Södertälje Kulturnämnd,,,,,
"Johansson, B",Folkets Hus i folkhemmet [Artikel],,1973,,,,,,,I tiskriften Arkitektur nr 7/73,,
"Gelotte, Göran",(Nya) Folkets Hus i Södertälje 1970-1990. Liten historik,Södertälje,1990,16 s. : ill.,,,,,,,,
"Gelotte, Hanna",Folkparken i Södertälje. Dokumentation av en Folkpark,"Torekällsbergets museum, Södertälje",,21 s.,,,Torekällsbergets museum,,,,,
"Bergius, Niklas","Vid invigningen av Grängesbergs teater,  Minnesskrift utgiven av Brunnsvikarnas förbund.",Stockholm,1948,10 s. : ill.,,,Brunnsvikarnas förbund,,,,,
"Hellström, Sven","Folkets Hus [Linköping] i Arbete, stolthet, respekt. Metalls avdelning 83 1899-1999",Linköping,1999,2 s. : ill.,,"Swartling, Sten (intervjuer) Wirström, Håkan (Layout och foto)","Metallindustriarbetareförbundets avd 83, Linköping",,91-630-7532-6,,,39789
,Arvika-Parken 75 år 1923-1998.,Arvika,1998,23 s. : ill.,,,Folkets Parkstyrelsen Arvika,,,,,
"Sundén, Emil","Folkets Park, Karlshamn, 20 år, 1923",[Karlshamn],[1923],,,,,,,,,
,"Föreningen Folkets Hus u p a Karlshamn 90 år, 1990",,,,,,,,,,,
"Moberg, Ove",Karlshamns historia IV 1863-1949,,,146  s. samt 31 s. ill.,,,,,,,,
"Rhudin, Åke / Jonsson, Ingvar",Folkets Hus Tungelsta 80 år,,1993,16 s. : ill.,,"Bergström, Ernst",Tungelsta Folkets Husförening,,,Uppgift FHP-enkät,,
,Den svenska sommarens själ. Handlingsprogram för folkparkerna på 1990-talet,,,51 s.,,,,,,,,
"Nilsson, Herbert",Från Folkets Hus till Folkets Park [Artikel],Stockholm,1992,13 s. ; ill.,,Enskede hembygdsförening,,,,Ingår i Småskrifter / Enskede hembygdsförening,,
"Berg, Elly ; En skolklass i Rinkeby m fl",Rinkeby Folkets Hus : en mötesplats mitt i världen : tecknat och skrivet av en skolklass i Rinkeby.,Stockholm,1986,79 s. : ill.,,,Kultursamverkansprojketet i Rinkeby,,91-7328-526-9,SSM faktarummet,,
"Zetterström, Sven",Folkets Park - Historik och händelser,Oxelösund,1996,9 s. : ill.,,"Karlsson, Mats",Oxelösund Produktion KB,,91-630-4669-5,Ingår i Oxelösund i händelsernas centrum s. 120-128,,
"Bengtsson, Staffan / Willis, Göran",Sagan som blev verklighet,"Bilda förlag, Stockholm",2001,7 s. : ill.,,,,,91-574-5963-0,Ingår i K-spanarna går husesyn,,67/19 499
"Schuster, Franz/Schacherl, Franz",Proletarische Kulturhäuser,Wien,1926,,,,,,,,,Br /19 317
"Peus, Heinrich",Populdomo di futuro - Volkshaus der Zukunft,Dessau,1910,16 s.,,,,,,"Ingår i Internaciona Socialisto, nov 1910",,Br/ 11 311
,"Historik över Folkets hus byggnadsförening u p a verksamhet åren 1926-1939. [Folkets Hus byggnadsförening, Skutskär]",Älvkarleby,1939,,,,,,,Förvaras på FAC Folkrörelsernas arkiv för Uppsala län; R 1991,,
,Föreningen Folkets Hus u.p.a. Enköping. Ett stycke historia,Enköping,u å,,,,,,,Förvaras på FAC Folkrörelsernas arkiv i Uppsala län; A 1999:0052,,
,Föreningen Folkets Hus i Uppsala 100 år 1898-1998,Uppsala,1998,,,,,,,Förvaras på FAC Folkrörelsernas arkiv i Uppsala län; A 1999:0056 R,,
,[Folkets Hus förening i Österby-Dannemora] 50-års jubileum 1922-1972,Östhammar,1972,,,,,,,Förvaras på FAC Folkrörelsernas arkiv i Uppsala län; R 1997,,
,Minnen omkring Knutby Folkets Park. Året var 1928,Uppsala,u å,,,,,,,Förvaras på FAC Folkrörelsernas arkiv i Uppsala län; R 1997,,
,Historik över Folkets Park i Mölndal 1918-1928,,,,,,,,,Förvaras på FA Mölndal,,
,Utkast till översikt över Folkets Husföreningen i Mölndals 50-åriga verksamhet 1908 -,,,,,,,,,Förvaras på FA Mölndal,,
"Sandström, Ulf",Underhållning i Örebro Folkets Park - Folkets Hus : från Starke Arvid till Alice Babs,Örebro,1980,22 bl. : tab,"Widén, Peter",,"Örebro : Högskolan, institutionen för politik med förvaltning, 1980",,,Folkrörelsernas arkiv i Örebro län,Oh; Ohmz Örebro Folkets park ; Örebro Folkets hus,
"Nielsen, Poul",Pålsboda Folkets Park : historik över de första femtio åren 1946-1996 : uppsats,Örebro,1996,26 s.,,,,,,Folkrörelsernas arkiv i Örebro län,Ohmz ; Ncad Folkparker : särskilda svenska ; Pålsboda folkets park ; Örebro län,
,Föreningen Axbergs Folkets Hus 75 år 1919-1994,Axberg,1994,15 s.,,,,,,Folkrörelsernas arkiv i Örebro län,Bk ; Allmänna sällskap och föreningar,
"Frisktorp, Ola",Folkets Hus i Örebro och Hällefors : en jämförelse åren 1933/34 och 1951/52,"Örebro : Högskolan, historia fsk., dupl",1980,43 bl.: tab,"Borg, Tomas ; Hushagen, Susanne",,,,,Folkrörelsernas arkiv i Örebro län,"Oh ; Ohmz / Sociala frågor och socialpolitik ; Örebro, Hällefors ; Folkets hus i Örebro och Hällefors",
,Föreningen Folkets Hus i Röfors u p a 1923-1973,"Röfors : Inst., dupl.",[1973 ?],11 bl.: ill. tab.,,,,,,Folkrörelsernas arkiv i Örebro län,Oh ; Ohm:bf / Sociala frågor och socialpolitik / Allmänna samlingslokaler : institutioner,
,Växjö Folkpark 1910-1960,,1960,,,,,,,Kronobergsarkivet,,
"Liebel, Alfons","Byggnadsföreningen Folkets Hus, Norrhult",Lessebo,1980,9 s.,,,,,,Ingår i: Ett samhälle kring hyttan. Rosdala glasbruk i Norrhult 1895-1980 s. 73-81.,,
,"Första samlingslokalen. (Ekenäs, vi som försvann...Lindshammar, vi som är kvar....Lessebo m fl). Folkets Hus i Lindshammar.",,1984,3 s. (s.170-172),,,,,,Kronobergsarkivet,,
"Johansson, Evald",Metalls avd 272 Norrhult,Växjö,1998,12 s.,"Ahlqvist, Arne / Nilsson, Arthur",,,,,Kronobergsarkivet. Avsnittet berör nyårsrevyn.,,
"Carlsson, Uno","Vårt Folkets Hus [Folkets hus, Åseda]",,1977,7 s.,,,,Åsedabygden nr 6 1977 s. 127-133,,Kronobergsarkivet,,
"Ivarsson, Kenneth",Åseda Folkets Park,,1981,4 s.,"Häll, Folke / Johansson, Elon",,,Åsedabygden nr 7 1981 s. 139-142,,Kronobergsarkivet,,
"Pettersson, Josef",Folkparksveteranen Josef Pettersson berättar. (Från Åseda föreningsliv),,1981,2 s.,,,,Åsedabygden nr 7 1981 s. 143-144,,Kronobergsarkivet,,
,Åseda Folkets Park 70 år 1912-1982,Åseda,1982,15 s.,,,Styrelsen,,,Kronobergsarkivet,,
"Johansson, Sven",Åseda Folkets Park som mötesplats på 1930- 40-talet,,1986,2 s.,,,,Åsedabygden nr 8 1986 s. 152-153,,Kronobergsarkivet,,
"Treutiger, Torsten",Fontänen i Åseda Folkets Park speglar bygdens historia,,1986,4 s.,,,,Åsedabygden nr 8 1986 s. 148-151,,Kronobergsarkivet,,
"Englén, Sven",Tio framgångsrika teatersäsonger i Hasselbacken,,1958,8 s.,,,,Älhultskrönika årg 15 1958 s. 131-138,,Kronobergsarkivet,,
"Erlandsson, Anders",Hohultslätts Folkets Hus,,1962,11 s.,,,,Älghultskrönika årg 19 1962 s. 115-125,,Berör även friluftsscenen i Hasselbacken. Kronobergsarkivet,,
"Elling, Gunnar",Fröskebygden får efterlängtad samlingslokal [Fröseke Folkets Hus],,1967,8 s.,,,,Älghultskrönika årg 24 1967 s. 127-134,,Kronobergsarkivet,,
"Woltfors, Elving",Alstermo Folkets Hus 50 år,,1989,11 s.,,,,Älghultskrönika nr 46 1989 s. 242-252,,Kronobergsarkivet,,
"Woltfors, Elving",Byggnadsföreningen Folkets Hus u p a Alstermo 11 november 1923-28 mars 1941,,1991,8 s.,,,,Älghultskrönika nr 48 1991 s. 122-129,,Kronobergsarkivet,,
"Ström, Börje",Nu eller aldrig. Historien om en Folkpark och människorna som aldrig gav upp. Hasselbacken från 1930 och inför 2000-talet,,1996,56 s.,,,,Älghultskrönika nr 53 1996 s. 66-121,,Kronobergsarkivet,,
"Carlsson, Josef",Ryds Folkets Hus [Folkets hus Almundsryd],,1975,3 s.,,,,Almundsryds hembygdsförening; Årsskrift 1975 s. 45-47,,Kronobergsarkivet,,
,Ryds Folkets Hus. [Almundsryds Folkets Hus],,1993,13 s.,,,,Almundsryds hembygdsförening. Årsskrift 1993 s. 68-80,,Kronobergsarkivet,,
"Cesar, Bror",60 händelserika år i Folketshusföreningens historia [Folkets Hus Södra Sandsjö],Konga,1980,6 s.,,,,Sandsjöboken 1979/80 s. 160-165,,Kronobergsarkivet,,
"Ljungblom, Jenny",Lidköpings Folkets husrörelse och kommunistskräcken under andra världskriget,"Högskolan i Karlstad, Institutionen för samhällsvetenskap, avd för historia",1998,,,,Högskolan i Karlstad,,,B-uppsats. Uppgift Skaraborgs läns folkrörelsearkiv,,
"Myhrberg, Monica",Tillkomsten av Folkets Park i Norrköping år 1901 och dess första år fram till 1909,Linköpings universitet,1994,,,,"Linköpings universitet, historiska institutionen",,,,,
,Nöjesparkens Teater en 50-årig kulturepok [Varberg],Varberg,u å,,,,,,,Folkrörelsernas arkiv i norra Halland,,
"Blomstrand, Kalle",Kafé och Nöjesliv i Landskrona,Lund,1980,,"Forsström, Kalle, Goedecke, Lars, Granlund, Anna, Nilson, Lena",,Etnologiska institutionen vid Lunds universitet,,,Arbetarrörelsens arkiv i Landskrona,,
,Arbetarkulturen i Landskrona 1880-1930,Lund,1917???,,,,Etnologiska institutionen vid Lunds universitet,,,Arbetarrörelsens arkiv i Landskrona,,
,Tingstad gamla brukssamhälle ; skildrat genom åtta keramikrelilefer i A-salen Tingstad-Backa Folkets Hus.,Göteborg,1986,19 s. : ill.,,,Folkets husföreningen i Tingstad-Backa,,,Region- och stadsarkivet Göteborg,Ibvz Tingstad,
,Folkets Hus teater [Göteborg],Göteborg,1955,,,,,,,Sammanbundna programhäften,Ike-cz Göteborg: Folkets hus teater 1955,
"Södersten, Erik",Folketshusrörelsen - tradition och framtid,Stockholm,1985,23 s. : ill.,,,FHR,,,Region- och stadsarkivet Göteborg,Ohm-c,Organisationstryck FHR 6
"Hedlund, Henrik",Göteborgs arbetareförening 1866-1909 ; med anledning av det nya föreningshusets invigning i september 1909,"Tryckeriföreningen Framåt, Göteborg",1909,"31 s. : ill., annonser",,,Göteborgs arbetareförening,,,Region- och stadsarkivet Göteborg. Nytryck 1926 44 s. : ill.,Ohai-cz Hedlund,Br67/5491
,Folkets Husföreningarnas Riksorganisations tionde kongress den 23-25 maj 1960 / protokoll (stenografiskt referat),Stockholm,1961,170 s.,,,,,,Region- och stadsarkivet Göteborg,Ohm-cbf Folkets husföreningarnas riksförbund (k),
"Holmgren, Torbjörn","“Den bär sig inte hur vi än bär oss åt” / Folkets Park, arbetarrörelsens kulturhärd och ekonomiska mjölkkossa / Krokängsparken 1903-1934",Göteborg,1981,38 bl,"Bornlid, Jan-Erik",,Göteborgs universitet. Litteraturvetenskapliga institutionen,,,Uppsats i litteraturvetenskap,Ncbiz Krokängsparken ; Ohm-cz Göteborg,
"Gyllenhammar, Maria",Valhalla och Folkets Hus i Sandviken - en studie i Lokala identiteter i historiskt perspektiv,Högskolan Gävle/Sandviken. Institutionen för Humaniora och samhällsvetenskap.,1997,,,,Högskolan Gävle/Sandviken. Institutionen för Humaniora och samhällsvetenskap,,,Uppsats i historia 20 p,,
"Jansson, Edvard",Storviks Folkets husförening 1909-1969,,,,,,,,,Centralarkivet Sandvikens kommun,,
"Edvardsson, Åke","Historik, komplettering 1970-1999 [Jansson, Edvard: Storviks Folkets husförening 1909-1969]",,,,,,,,,Centralarkivet Sandviken,,
"Jonsson, Henry",Hammarby byggnadsförening 50 år. Historik över Hammarby byggnadsförenings verksamhet 1906-1956.,Gävle,1956,,,,,,,Centralarkivet Sandviken,,
"Nilsson, Ivar",Kampår. Ystads arbetarerörelse genom fem decennier.,"Aurora, Ystad",1938,,"Andersson, Eric",,Ystads arbetarekommun,,,,,
"Vennerström, Ivar",F.V. Thorsson. En minnesskrift.,"Tidens förlag, Stockholm",1926,,,,,,,,,"22161, 22162"
"Elfstedt, Nils Gunnar [pseudonym Elloz]",Furuhäll,"Åmåstryck, Åmål",1993,16 s. : ill.,,,,,,Ingår i Gycklarminnen s. 21-36,,
"Sterner, Thea",Konst i Norra Latin & Folkets hus,Stockholm,1997,14 s. : ill. färg,,"Hansson, Lars foto",City Conference Centre,,,,,Organisationstryck FHR och FPC lokalt B 25/53
"Hultman, Kristina [red]",Stockholms Folkets Hus 100 år! ; En jubileumsskrift om kulturen och arkitekturen i Folkets Hus 1901-2001,Stockholm,2001,16 s. ; ill. färg,,,City Conference Centre,,,,,Br 67/5798
,“Folketshusrörelsen är som skapt för att ta hand om det nya”: dikter i Folkets hus,,1988,,,,,,,,,Organisationstryck FHR 6
Hultman. Kristina [red],Stockholms Folkets Hus 100 år! ; En jubileumsskrift om möten och händelser i Folkets Hus 1901-2001,Stockholm,2001,20 s. ; ill. färg,,,City Conference Centre,,,,,Organisationstryck FHR och FPC lokalt B 25/53
,Katalog över föreningen Folkets Hus bibliotek Motala verkstad,"Norrköpings tryckeriaktiebolag, Norrköping",1910,36 s.,,,,,,,,Organisationstryck FHR och FPC lokalt B 25/53
"Södersten, Erik",Folkets Hus Södertälje,Stockholm,1970,20 s. ; ill.,,,,,,,,Organisationstryck FHR och FPC lokalt B 25/53
,Musik i Folkets Hus,,1979,,,,,,,,,Br 67/2649
"Sundahl, Eskil",Ritningar till Folkets Hus : typritnigar till Folkets Hus,"Kooperativa förbundet, Stockholm",1930,,,,Kooperativa förbundets arkitektkontor,,,,,"Organisationstryck LO 6,  B 21/13"
"Virkamäki, Suvi",Folkets Hus och spelfilmen 1941-1945 : den svåra balansen mellan ideologi och ekonomi [Artikel],Stockholm,2001,8 s.,,,"Arbetarrörelsens arkiv och bibliotek, Stockholm",Arbetarhistoria 2001/2-3  nr 98-99 s. 24-31 Arbetarrörelsen och filmen,ISSN 0281-7446,,"Imb-c.54, Ohm-c",
"Carlsson, Torsten",[Folkets Park Hallstahammar] 50 år 1906-1956,Västerås,1956,32 s. : ill.,,,,,,,,Br 67/5600
,Dalaborgsparken: Folkets Park Vänersborg 50 år 1926-1976,,,,,,,,,,,Br 67/ 2070
,Stiga vi mot ljuset : Folkets Park Norrköping 25 maj-16 juni,,1979,,,,,,,,,Br 67/ 2144
"Björkqvist, Anita",Än svänger det om Folkets Park [Artikel],Stockholm,2000,17 s.,"Lahger, Håkan",foto: Gunilla Lundström,,,,Ingår i tidningen Vi nr 29/30 2000 s. 37-53,,
,En Österåkerskrönika,Åkersberga,1992,,,,,,,,,
"Ericsson, Eric",Minnesskrift [Örebro],Örebro,1950,,,,,,,,,
,"Årsberättelse 1948 Byggnadsföreningen Folkets Hus, Kosta",Kosta,1949,15 s. ; ill.,,,,,,historik,,Folkets Parkers Centralorganisations arkiv vol E IX b: 2
"Skoglund, Leif",Välkommen till Krokborn 1796-1971,Hällefors,1971,20 s.,,,,,,Ej arbetarrörelseägd,,Folkarkernas Centralorganisations arkiv vol. E IX b:2
,Vårt  nya Folkets Hus; Åhus Folkets Hus; Invigningen 2/12 1961,Åhus-Tryckerier,1961,7 s.,,,Styrelsen Åhus Folkets Hus & Parkförening u p a,,,,,FPC´s arkiv: vol E IXb:4
,Folkets Park Västervik 1902-1942. Jubileumsskrift,Ekblads Västervik,1942,15 s. : ill,,,,,,,,FPC´arkiv vol E IX b: 4
"Elfving, Lena",Föreningen Folkets Hus vid Motala Verkstad,"Institutionen för Tema, Avdelningen för historia, Linköpings universitet",1996,20 s.,,,Linköpings universitet,,,,,
"Kilbom, Karl",Folkets Hus och Parker,Steinsviks bokförlag AB,1956,21 s.: ill.,redaktör Fredrik Ström,,,Ingår i “Arbetets Söner. Text och bildfer ur den svenska arbetarrörelsens saga. Del III. Segrarnas tid. “ s. 462-482,,,,Ref 2:2
,Boråsparken 15 år. Djur i natur. Jubileum Boråsparken 1962-1977,"Reklamia Väst AB, Borås",1977,48 s. ill. färg,,"Arnold Ljungberg, Göran Tellstad. Foto: T Camitz, J. Eriksson, J. Sidenvik, Foto Bernt.",Boråsparken,,,,,FPC´s arkiv: vol. E IX b: 1 Från Parkerna inkomna jubileumsskrifter
,,,,,,,,,,,,
"Boberg, Karl",Byggnadsföreningen Tor återblick 1896-1976,,1976,6 s.,,,,,,,,
,Föreningen Folkets Hus Söderbärke 100 år 1897-1997,,,,,,,,,,,
,Rättviks Folkpark 1932-1957 25 år,Folkets Parkers Centralorganisation,1957,,,,Folkets Parkers Centralorganisation,,,Dalarnas Folkrörelsearkiv FAW 62.1984,,
"Paulsson, Gregor",Folkets Park  i Svensk stad Del 2 Från bruksby till trädgårdsstad s. 77-85,Studentlitteratur,1972 (1953),9 s.,,,,,91-44-08331-9,Första upplagan utgiven på Bonniers förlag 1953,,67/ 18 575
"Ericsson, Tore","Ordenslokal från 1901 blev Vätö Folkets hus. Artikel i Vätö Folketshusförening 60 år, jubileumsskrift.",,1989,,,,,,,,,
"Janstad, Hans m fl",Min ungdoms Park - en bildberättelse,"Arbetet, Malmö",1981,96 s. ill.,"Thomas Romberg, Bengt Salomonsson, Lennart Strandberg, Ingeborg Roth, Cecilia Ohlsson, Gabirel Winge",Layout: Johnnie Lundström,Arbetet i samarbete med Malmö museum,,,,,
"Eklund, Jörgen red.",Malmö Folkets Hus  (Tidskrift),Malmö,1971-1988,6 kartonger,,,Malmö Folkets Hus,,,Förvaras på Arbetarrörelsens arkiv i Malmö,,
,Lomma Folkets Hus - hem och kulturhärd för arbetarrörelsen,Lomma,1990,32 s. ill.,,,,,,Förvaras på Arbetarrörelsens arkiv i Malmö,,
"Jonson, Lars","""Far i hatten"" - landets första folkparksrestauration. Malmö Parken. Tradition och förnyelse. Vi trappar upp inför 100-årsjubileet 1991",Tryckeri AB Framtiden Malmö,1986,,,,Folkets Park Malmö,,,Förvaras på Arbetarrörelsens arkiv i Malmö,,
,Huskvarna Folkets Park  75 år 1925-2000,Huskvarna,2000,27 s. ill.,,,,,,,,
,Huskvarna Folkets Park  70 år 1925-1995,Huskvarna,1995,11 s. ill.,,,,,,,,
"Israelsson, Algot",Några anteckningar om Folkets Hus i Striberg,,1982,8 s.,,,,,,,,Samling: Folkets husföreningar vol. 3
,Sävedalens Folkets Hus bildande 1927.10.06,,1935,9 s. : ill.,,,,,,,,Samling: Folkets husföreningar vol. 3
,En 50-årig verksamhet 1923-1973. Sävsjöströms byggnadsförening,,1973,27 s. : ill.,,,,,,,,Samling: Folkets husföreningar vol. 3
"Henriksson, Birger","Byggnadsföreningen Heijmdal, Tumba 1908-1978",,1978,20 s.,,,,,,Tal hållit vid Byggnadsföreningen Heijmdals 70-årsjubileum 1978,,Samling: Folkets husföreningar vol. 3
,Återinvigning av Folkets Hus Älvängen,,,3 s.,,,,,,,,Samling: Folkets husföreningar vol. 3
,Åkersberga föreningshus invigt,,1937 ?,9 s. : ill.,,,,,,,,Samling: Folkets husföreningar vol. 3
"Carlsson, Eric",I kamp mot nöden [Härnäsets Folkets Hus],,1985,3 s. : ill.,,,,,,,,Samling: Folkets husföreningar vol. 2
"Lindqvist, Torsten",Kiruna Folkets Hus-förening 50 år 1901-1951,"Tryckeriaktiebolaget Nordpolen, Kiruna",1951,36 s. : ill.,,foto: Borg Mesch  omslag och diagram: Walter Gube,"Folkets Husföreningen, Kiruna",,,,,Samling: Folkets husföreningar vol. 2
,Utkast till historik för Byggnadsföreningen Folkets Hus i Oskarström,,,7 s.,,,,,,,,Samling: Folkets husföreningar vol. 2
"Jönsson, Ove",Folkets Hus i Segmon 50 år,,,4 s. : ill.,,,,,,,,Samling: Folkets husföreningar vol. 2
,Återblickar över föreningens 50-åriga verksamhet [Folkets Hus i Selånger],Bergsåker,1977,13 s. : ill.,,,Styrelsen för Selångers Folkets husförening,,,,,
,Folkets Hus i Skebo Bruk,,,8 s. : ill.,,,,,,,,Samling: Folkets husföreningar vol. 2
"Löfgren, August",Historik över Skelleftehamns Folkets Hus uppkomst och tillblivelse,,1944,4 s. : ill.,,,,,,,,Samling: Folkets husföreningar vol. 2
"Fröjd, Kenneth och Ohlsson, Willy:",Stavsjö Föreningshus 50 år 1936-1986. Jubileumsskrift,,1986,36 s. : ill.,,,,,,,,Samling: Folkets husföreningar vol. 2
,Föreningen Folkets Hus och Park 1906-1956  50 år [Fagersta],,1956,8 s. : ill.,,,,,,,,Samling: Folkets husföreningar vol. 1
,Historik vid föreningen Folkets Hus 50-års jubileum [Falkenberg],,1956,8 s. : ill.,,,,,,,,Samling: Folkets husföreningar vol. 1
,Falla Folkets Hus Förening 50 år 1935-1985 [Finspång],,,8 s. 1985,,,,,,,,Samling: Folkets husföreningar vol. 1
,Folkets Hus och Park Flerohopp,,,5 s.,,,,,,,,Samling: Folkets husföreningar vol. 1
,Skövde Folkets Park 1920-1994,Skövde,1995,28 s. : ill.,Västerhöjdsgymnasiets elever,,"Kommunikation och media, Västerhöjdsbymnasiet, Skövde",,,,,
"Antonsson, Verner",Svalövs arbetarrörelses historia,Svalöv,1987,,,,,,,FHP-enkät,,
,Lyssna deras minnen talar. Historik Herrängs Folketshusförening 90 år 27 sept 1997.,Hallstavik,1997,11 s. : ill.,,,,,,,,
"Larsson, Mats",Långshyttan 90 år 1907-1997,Långshyttan,1997,41 s. ; ill.,,,Folkets Husföreningen Långshyttan,,,,,
"Petersson, Sven-Erik",Värnamo Folkets Park. Minnen och historik,Värnamo,2002,230 s. ; ill.,,,Föreningen Folkets Hus och Park i Värnamo,,91-631-1913-7,,,
"Johansson, Arndt",[Folkets Hus i Borlänge] Minnesskrift 40 år,Borlänge,1941,,,,,,,FHP-enkät,,
"Backlund, Harry",[Folkets Hus i Borlänge] Minnesskrift 50 år,Solllefteå,1951,,,,,,,FHP-enkät,,
"Norelius, Erik",[Folkets Hus i Borlänge] Minnesskrift 90 år,Borlänge,1991,,,,,,,FHP-enkät,,
"Ekström, Birger",Boxholms Folkets Hus 100 år,Boxholm,1999,,,,,,,FHP-enkät,,
,Det var fattigt i bygden,Bromölla,1989,,,,Bromölla Arbetarekommun,,,FHP-enkät,,
"Cardell, Hans","""Brunnsviks Byggnadsförening u p a 1906-1979""","Sörvik, Ludvika",1979,,,,,,,FHP-enkät,,
,[Bräkne-Hoby] 25-årsberättelse 1908-1933,Bräkne-Hoby 1933,,,,,,,,FHP-enkät,,
,Östra Skymnäs-Nybacka förr och nu 1761-1995,,1995,,,,Östra Skymnäs byalag,,,,,
"Wetterström, Rune","Historik Byggnadsföreningen Fästet (Invigningstal efter återuppbyggnaden), 1985",,1985,,,,,,,Uppgift FHP-enkät,,
,[Folkets Park i Byske 1923-1994],,,,,,,,,Historiken skriven som ALU-projekt enligt FHP-enkät,,
"Helin, Nanna",Boken om Båtskärsnäs,Båtskärsnäs,1990,,,,,,,ABF-cirkel,,
"Nyström, Anders",[historik vid Charlottenbergs Folkets Husförenings 40-årsjubileum,Charlottenberg,1941?,,,,,,,FHP-enkät,,
"Järbe, Bengt",Förändringarnas Torg [Folkets Hus i Stockholm],Tidens Förlag,1989,,,,,,,,,
,,,,,,,,,,,,
,Byggnadsföreningen Solidar i Toarp u.p.a. 1912-1992,,,4 s.,,,,,,"FHP-enkät. Se även Sehlin, Börje: Knektens barn",,
"Sehlin, Seth",Om Folkets Hus och Parker [Dalsjöfors],,2001,3 s.,,,,,,FHP-enkät,,
,Folkets Hus 80 år [FH Degerfors],,,,,,,,,Uppgift FHP-enkät,,
"Svensson, Ingvar",Föreningen Folkets Hus Blomstermåla 75 år,Blomstermåla,1981,12 s.,,,Föreningen Folkets Hus Blomstermåla,,,,,
"Jansson, Harald",FH 50 år [Gonäs Folkets Hus],Gonäs,1964,,,,,,,FHP-enkät,,
"Erikson, John-Hansson, Gustaf- Plahn, Nils",Historik över Grycksbo Folkets husförenings 50-åriga verksamhet 1918-1968,Grycksbo,1968,6 s.,,,,,,Ingår i FHP-enkät,,
,[Gullbrandstorps Folkets Hus] jubileumsskrifter,Gullbrandstorp,1984 och 1999,,,,,,,Uppgift FHP-enkät,,
"Eriksson, Gustaf",Föreningen Folkets Hus u p a Gullänget,,1977,16 s.,,,,,,FHP-enkät,,
,Vi gjorde det [Gute Folkets Hus],Gute,1991,,,,,,,Uppgift i FHP-enkät,,
"Nilsson, Rosemarie",Tingstads Folkets Hus,Göteborg,1986,,,,,,,Uppgift FHP-enkät,,
"Larsson, Bo-Lage",Folkets Hus Hallstahammar 40 år,Hallstahammar,1999,,,,,,,Uppgift FHP-enkät,,
,Folkets Hus Hammarkullen 10 år,,1999,,,,,,,Uppgift FHP-enkät,,
"Kjellstrand, Leif / Nordgren, Leif",Haningen Folkets Hus 70 år,,1996,,,,,,,Uppgift FHP-enkät,,
,Herrljunga Folkets Park,Herrljunga,1991,,,,Styrelsen,,,Uppgift FHP-enkät,,
,Kort historik vid Herrängs Folkets Hus Förenings 75-års-jubileum den 13 nov 1982,,1982,,,,,,,FHP-enkät,,
"Johansson, Kjell / Högdahl, Eva",Folkets Hus. Den fria tankens Hus.,Huddinge,1995,,,,,,,Uppgift FHP-enkät,,
"Wallbom, Karl-Erik",När vi började ..... och fortsättningen,Köping,1955,,,,,,,,,
"Johansson, Per",Inför 75-årsjubiléet [Kallhälls Folkets Hus],,1987,,,,,,,Uppgift från FHP-enkät,,
"Johansson, Sten",Carlsholmeparken i Mariestad,Mariestad,1978,,,,,,,,,
"Andersson, Gösta",Föreningen Folkets Hus i Kungshamn (Gravarne) och Folkets Hus åren 1910-1985,Kungshamn,1986,48 s. ; ill.,"Thorsen, Niels Chr.",,,,,FHP-enkät,,
"Jarnngård, Sixten","""Kävlinge Folkets Parks stormiga historia"" i Kävlinge Nu och Då 1978",Kävlinge,1978,,,,,,,Uppgift i FHP-enkät,,
"Börjesson, Klas [red]",Bebyggelse och kulturlandskap; Regionalt kulturminnesvårdsprogram för Jönköpings Län Del 1. Meddelanden från Jönköpings läns Hembygdsförbund och stiftelsen Jönköpings Läns Museum LIX,"Jönköping, Jönköpings läns museum",1988,"216 s. : ill., kartor",,,,Meddelanden från Jönköpings läns hembygdsförbund och Stiftelsen Jönköpings läns museum,,,,
"Olarsbo, Mary Ann [red]",Utdrag ur protokoll från Leufstabruks Fokets Hus Förening u p a 1924-1948,,1999,,,,,,,Uppgift i FHP-enkät,,
,Folkets Park Linköping 75 år,,1996,,,,Styrelsen,,,Uppgift FHP-enkät,,
"Nilsson, Bo Sigvard / Johansson, Bo",Liseberg - Från komark till Nöjespark,Göteborg,1998,,,,,,,Uppgift FHP-enkät,,
,Folkets Hus Forum Ljungaverk 40 års Jubileum 1955-1995 [artikel],,,3 .,,,,,,FHP-enkät,,
,Ljungsbro Folkets Park [70-års historik],Ljungsbro,1998,,,,,,,Uppgift i FHP-enkät,,
"Wollmer, Lisa",Dokumentation av Skeer [Orsa],Orsa,1984,,,,,,,FHP-enkät,,
"Nord, Inger","Ett hus och en park för folket i Skoghall. En dokumentation om Folkets Husföreningen i Skoghall under 80 år, 1916-1996",Skoghall,1999,79 s.,,,,,,FHP-enkät,,
"Lidén, Ann-Marie",Skogsvallen. Som festplats och idrottsplats förr och nu.,Östervåla,1999,,"Georgsson, Hans",,,,,,,
,Historik vid 100-årsjubiléet [Skromberga FH],Eneby,1998,,,"Sten Hansson, Arne Mårtensson, Bertil Pettersson",,,,FHP-enkät,,
"Gunnar, Bertil","Inventering av arbetarrörelsens, frikyrkorörelsens och nyukterhetsrörelsens lokaler inom HÄllefors nuvarande kommun.",Hällefors,1974,,,,,,,Nordiska museets bibliotek,,
"Larsson, John G",Folkets Hus Föreningen i Gävle 1897-1997,Gävle,1997,63 s.,,,Folkets Hus Gävle,,,,,
"Almqvist, Åke/Strålman, Karl-Erik/Larsson,Bengt",Historik 1937-1987 [Tibro Folkets Park],Tibro,1987,,,,,,,Uppgift FHP-enkät,,
"Hagström, Claes / Möllerfält, Gösta",Trosa Folkets Hus 50 år 1938-1988,Trosa,1988,,,,,,,FHP-enkät,,
,Krönika över Föreningen Folkets Hus u p a i Tungelsta,Tungelsta,1983,,,,styrelsen,,,Uppgift FHP-enkät,,
,Folkets Hus Uddevalla 1903-1983,Uddevalla,1983,,,,Styrelsen,,,,,
,Östra Sönnarslöv med Maltesholm och Borrestad,Östra Sönnarslöv,1993,,,,Hembygdscirkel,,,Uppgift FHP-enkät,,
"Karlén, Bruno",Folkets Hus Förlösa 60 år,Kalmar,1998,,,,,,,,,
,Från vägskäl till dansbana. Boken om dansplatser i Blekinge,,2001,166 s.; ill,,"Isgren, Kerstin projektledare","ABF-distriktet, Blekinge",,91-631-3056-4,,,
"Lindström, Bengt","Folkets Hus i Trollhättan Kulturhuset. Så fick kulturen sin högborg och Trollhättan sitt ""innetorg"".  1922-2002.",Trollhättan,2002,32 s. ; ill.,,,,,,,,
